,latitude,longitude,price,_Entire home/apt,_Hotel room,_Private room,_Shared room,rating
0,47.35724,8.52304,200.0,1,0,0,0,3.0
1,47.36565,8.52753,60.0,0,0,1,0,5.0
2,47.40656,8.48465,200.0,0,0,1,0,3.0
3,47.33463,8.54117,69.0,0,0,1,0,5.0
4,47.38942,8.51881,650.0,1,0,0,0,1.0
5,47.39282,8.52685,156.0,1,0,0,0,3.0
6,47.38326,8.52718,72.0,0,0,1,0,5.0
7,47.37284,8.54324,159.0,1,0,0,0,3.0
8,47.37896,8.50787,210.0,1,0,0,0,3.0
9,47.36802,8.54813,360.0,1,0,0,0,2.0
10,47.37008,8.51368,115.0,1,0,0,0,4.0
11,47.40419,8.49593,210.0,1,0,0,0,2.0
12,47.40703,8.55232,220.0,1,0,0,0,2.0
13,47.39232,8.52876,185.0,1,0,0,0,2.0
14,47.38003,8.50829,65.0,0,0,1,0,5.0
15,47.3748,8.52668,120.0,0,0,1,0,5.0
16,47.39354,8.53019,134.0,1,0,0,0,3.0
17,47.3937,8.52998,165.0,1,0,0,0,2.0
18,47.35468,8.48535,250.0,1,0,0,0,3.0
19,47.37449,8.52116,490.0,1,0,0,0,1.0
20,47.40239,8.49519,54.0,0,0,1,0,4.0
21,47.36202,8.52058,219.0,1,0,0,0,3.0
22,47.37929,8.5352,106.0,1,0,0,0,3.0
23,47.39396,8.50829,123.0,1,0,0,0,3.0
24,47.35725,8.55699,153.0,1,0,0,0,4.0
25,47.36406,8.55057,98.0,1,0,0,0,4.0
26,47.36508,8.57226,77.0,1,0,0,0,4.0
27,47.3661,8.50282,96.0,1,0,0,0,4.0
28,47.33142,8.5374,65.0,0,0,1,0,5.0
29,47.35242,8.57012,300.0,1,0,0,0,3.0
30,47.40782,8.55461,95.0,0,0,1,0,4.0
31,47.38302,8.54983,75.0,0,0,1,0,5.0
32,47.38435,8.53154,90.0,0,0,1,0,4.0
33,47.36538,8.52406,55.0,0,0,1,0,5.0
34,47.37969,8.55919,91.0,1,0,0,0,3.0
35,47.36724,8.55179,314.0,1,0,0,0,2.0
36,47.3681,8.55116,242.0,1,0,0,0,3.0
37,47.36401,8.55047,53.0,1,0,0,0,4.0
38,47.38015,8.49808,150.0,0,0,1,0,4.0
39,47.39408,8.53195,80.0,1,0,0,0,3.0
40,47.37015,8.52678,165.0,1,0,0,0,3.0
41,47.3868,8.51292,161.0,1,0,0,0,3.0
42,47.36288,8.52304,100.0,0,0,1,0,5.0
43,47.36644,8.56301,54.0,0,0,1,0,5.0
44,47.36644,8.56301,54.0,0,0,1,0,5.0
45,47.38015,8.52768,417.0,1,0,0,0,1.0
46,47.36589,8.56362,54.0,0,0,1,0,5.0
47,47.36407,8.52113,71.0,0,0,1,0,5.0
48,47.37137,8.52822,65.0,0,0,1,0,5.0
49,47.37315,8.5458,113.0,1,0,0,0,3.0
50,47.39516,8.51727,120.0,1,0,0,0,3.0
51,47.36347,8.51749,162.0,1,0,0,0,3.0
52,47.37475,8.54413,140.0,1,0,0,0,3.0
53,47.33763,8.53492,70.0,0,0,1,0,5.0
54,47.362209,8.561128,85.0,0,0,1,0,5.0
55,47.37638,8.54463,85.0,1,0,0,0,4.0
56,47.37738,8.54754,136.0,1,0,0,0,3.0
57,47.38644,8.50317,575.0,1,0,0,0,1.0
58,47.38644,8.50317,575.0,1,0,0,0,1.0
59,47.38644,8.50317,575.0,1,0,0,0,1.0
60,47.38644,8.50317,575.0,1,0,0,0,1.0
61,47.37505,8.54372,574.0,1,0,0,0,1.0
62,47.37505,8.54372,575.0,1,0,0,0,1.0
63,47.36243,8.54878,574.0,1,0,0,0,1.0
64,47.37468,8.54342,575.0,1,0,0,0,1.0
65,47.37468,8.54342,575.0,1,0,0,0,1.0
66,47.37468,8.54342,575.0,1,0,0,0,1.0
67,47.37468,8.54342,575.0,1,0,0,0,1.0
68,47.37641,8.51478,100.0,1,0,0,0,3.0
69,47.37468,8.54342,575.0,1,0,0,0,1.0
70,47.35072,8.56191,95.0,1,0,0,0,4.0
71,47.40503,8.551,65.0,0,0,1,0,4.0
72,47.37958,8.4825,45.0,0,0,1,0,5.0
73,47.36102,8.55145,100.0,1,0,0,0,4.0
74,47.37685,8.54549,90.0,1,0,0,0,3.0
75,47.35697,8.55664,242.0,1,0,0,0,3.0
76,47.35703,8.5567,275.0,1,0,0,0,3.0
77,47.35578,8.5566,415.0,1,0,0,0,2.0
78,47.35578,8.55666,255.0,1,0,0,0,3.0
79,47.37385,8.52988,150.0,0,0,1,0,4.0
80,47.3574,8.55247,400.0,1,0,0,0,2.0
81,47.36946,8.55693,170.0,1,0,0,0,3.0
82,47.36298,8.55946,108.0,1,0,0,0,4.0
83,47.36231,8.55827,309.0,1,0,0,0,3.0
84,47.39342,8.52349,80.0,1,0,0,0,3.0
85,47.38729,8.52267,125.0,1,0,0,0,3.0
86,47.38157,8.48096,56.0,1,0,0,0,3.0
87,47.36342,8.55865,101.0,1,0,0,0,4.0
88,47.36231,8.55827,198.0,1,0,0,0,3.0
89,47.36607,8.5192,110.0,1,0,0,0,4.0
90,47.36546,8.50422,104.0,1,0,0,0,4.0
91,47.38863,8.49107,96.0,1,0,0,0,3.0
92,47.37997,8.50702,85.0,1,0,0,0,3.0
93,47.37039,8.52415,90.0,0,0,1,0,5.0
94,47.364,8.54975,110.0,1,0,0,0,4.0
95,47.38287,8.50033,92.0,1,0,0,0,3.0
96,47.36051,8.5649,155.0,1,0,0,0,4.0
97,47.36051,8.5649,177.0,1,0,0,0,4.0
98,47.36051,8.5649,330.0,1,0,0,0,3.0
99,47.35784,8.553,220.0,1,0,0,0,3.0
100,47.3622,8.56618,80.0,1,0,0,0,4.0
101,47.35784,8.553,285.0,1,0,0,0,3.0
102,47.35784,8.553,440.0,1,0,0,0,2.0
103,47.38368,8.53995,220.0,1,0,0,0,2.0
104,47.4069,8.54821,110.0,1,0,0,0,2.0
105,47.37136,8.54351,59.0,0,0,1,0,5.0
106,47.35784,8.553,285.0,1,0,0,0,3.0
107,47.38368,8.53995,220.0,1,0,0,0,2.0
108,47.35811,8.59906,89.0,0,0,1,0,5.0
109,47.38018,8.50485,115.0,1,0,0,0,3.0
110,47.37833,8.5263,365.0,1,0,0,0,2.0
111,47.39258,8.4786,58.0,1,0,0,0,3.0
112,47.38873,8.53798,120.0,1,0,0,0,3.0
113,47.38917,8.48504,60.0,0,0,1,0,4.0
114,47.39218,8.52935,75.0,1,0,0,0,3.0
115,47.3836,8.52844,190.0,0,0,1,0,4.0
116,47.35924,8.52103,200.0,1,0,0,0,3.0
117,47.37298,8.48284,163.0,1,0,0,0,3.0
118,47.38417,8.54212,283.0,1,0,0,0,2.0
119,47.3714,8.54349,65.0,0,0,1,0,5.0
120,47.3714,8.54349,224.0,1,0,0,0,3.0
121,47.37797,8.51969,95.0,1,0,0,0,3.0
122,47.38651,8.54511,195.0,1,0,0,0,3.0
123,47.39109,8.53796,330.0,1,0,0,0,2.0
124,47.37256,8.54436,95.0,1,0,0,0,4.0
125,47.38068,8.53699,149.0,1,0,0,0,3.0
126,47.35793,8.59777,89.0,0,0,1,0,5.0
127,47.38368,8.53995,220.0,1,0,0,0,2.0
128,47.35784,8.553,285.0,1,0,0,0,3.0
129,47.36232,8.52775,250.0,1,0,0,0,3.0
130,47.35578,8.55666,281.0,1,0,0,0,3.0
131,47.35578,8.55666,255.0,1,0,0,0,3.0
132,47.3605,8.56529,155.0,1,0,0,0,4.0
133,47.3605,8.56529,155.0,1,0,0,0,4.0
134,47.41103,8.54619,60.0,0,0,1,0,4.0
135,47.3801,8.52415,150.0,1,0,0,0,3.0
136,47.37205,8.5427,113.0,1,0,0,0,4.0
137,47.41881,8.55751,125.0,1,0,0,0,2.0
138,47.35965,8.52389,291.0,1,0,0,0,3.0
139,47.36134,8.56629,71.0,0,0,1,0,5.0
140,47.35448,8.56304,150.0,1,0,0,0,4.0
141,47.40424,8.55429,47.0,0,0,1,0,4.0
142,47.37377,8.53849,85.0,1,0,0,0,4.0
143,47.36817,8.48914,60.0,0,0,1,0,5.0
144,47.39705,8.58657,93.0,1,0,0,0,3.0
145,47.36544,8.52028,124.0,1,0,0,0,4.0
146,47.41831,8.55781,68.0,1,0,0,0,2.0
147,47.36231,8.55827,210.0,1,0,0,0,3.0
148,47.413,8.52719,89.0,1,0,0,0,2.0
149,47.36966,8.55303,150.0,1,0,0,0,3.0
150,47.37332,8.51905,116.0,1,0,0,0,3.0
151,47.3652,8.54825,190.0,1,0,0,0,3.0
152,47.37563,8.53061,115.0,1,0,0,0,3.0
153,47.3922,8.55069,600.0,0,0,1,0,1.0
154,47.38052,8.52422,136.0,1,0,0,0,3.0
155,47.36536,8.55408,180.0,1,0,0,0,3.0
156,47.37889,8.52592,78.0,0,0,1,0,5.0
157,47.41105,8.48109,75.0,0,0,1,0,4.0
158,47.40596,8.56325,57.0,0,0,1,0,4.0
159,47.36773,8.55611,89.0,0,0,1,0,5.0
160,47.35286,8.55978,82.0,1,0,0,0,4.0
161,47.41035,8.54643,61.0,0,0,1,0,4.0
162,47.37585,8.51511,154.0,1,0,0,0,3.0
163,47.40918,8.54569,61.0,0,0,1,0,4.0
164,47.38488,8.49463,120.0,1,0,0,0,3.0
165,47.38031,8.48205,45.0,0,0,1,0,5.0
166,47.3815,8.48216,42.0,0,0,1,0,5.0
167,47.37625,8.52621,93.0,0,0,1,0,5.0
168,47.3867,8.51521,99.0,1,0,0,0,3.0
169,47.37825,8.56035,180.0,1,0,0,0,3.0
170,47.36268,8.56684,50.0,0,0,1,0,5.0
171,47.37881,8.55894,180.0,1,0,0,0,3.0
172,47.37704,8.50973,175.0,1,0,0,0,3.0
173,47.37374,8.51556,95.0,0,0,1,0,5.0
174,47.37771,8.56013,150.0,0,0,1,0,4.0
175,47.37137,8.54428,340.0,1,0,0,0,2.0
176,47.36309,8.56658,86.0,1,0,0,0,4.0
177,47.39822,8.55302,95.0,0,0,1,0,4.0
178,47.37753,8.55925,136.0,0,0,1,0,4.0
179,47.37941,8.56013,130.0,0,0,1,0,4.0
180,47.357601,8.59931,33.0,0,0,1,0,5.0
181,47.41159,8.48127,80.0,0,0,1,0,4.0
182,47.357601,8.59931,45.0,0,0,1,0,5.0
183,47.40391,8.55308,42.0,0,0,1,0,4.0
184,47.38887,8.52986,70.0,0,0,1,0,4.0
185,47.38645,8.50316,575.0,1,0,0,0,1.0
186,47.38645,8.50316,575.0,1,0,0,0,1.0
187,47.38817,8.49861,150.0,1,0,0,0,3.0
188,47.374268,8.521883,470.0,1,0,0,0,1.0
189,47.37259,8.54535,173.0,1,0,0,0,3.0
190,47.39057,8.52279,100.0,0,0,1,0,4.0
191,47.35578,8.55666,415.0,1,0,0,0,2.0
192,47.42689,8.55265,150.0,1,0,0,0,1.0
193,47.3783,8.55881,100.0,0,0,1,0,5.0
194,47.3771,8.51509,1065.0,1,0,0,0,1.0
195,47.36114,8.5518,199.0,1,0,0,0,3.0
196,47.37708,8.52348,575.0,1,0,0,0,1.0
197,47.37708,8.52348,575.0,1,0,0,0,1.0
198,47.37708,8.52348,575.0,1,0,0,0,1.0
199,47.37708,8.52348,575.0,1,0,0,0,1.0
200,47.37708,8.52348,575.0,1,0,0,0,1.0
201,47.38309,8.54791,98.0,0,0,1,0,4.0
202,47.40036,8.57644,199.0,1,0,0,0,2.0
203,47.40136,8.57614,199.0,1,0,0,0,2.0
204,47.3827,8.55204,120.0,0,0,1,0,4.0
205,47.37824,8.55907,229.0,0,0,1,0,4.0
206,47.40955,8.4871,57.0,1,0,0,0,3.0
207,47.3706,8.53353,120.0,1,0,0,0,4.0
208,47.37358,8.544,118.0,0,1,0,0,4.0
209,47.36118,8.51965,125.0,1,0,0,0,4.0
210,47.40805,8.5476,575.0,1,0,0,0,1.0
211,47.40806,8.54758,575.0,1,0,0,0,1.0
212,47.38485,8.52455,70.0,0,0,1,0,4.0
213,47.39402,8.53246,66.0,1,0,0,0,3.0
214,47.36902,8.54354,599.0,1,0,0,0,1.0
215,47.38989,8.49498,80.0,0,0,1,0,4.0
216,47.36098,8.54948,390.0,1,0,0,0,2.0
217,47.34323,8.52305,69.0,0,0,1,0,5.0
218,47.37765,8.55885,100.0,0,0,1,0,5.0
219,47.37485,8.5441,575.0,1,0,0,0,1.0
220,47.40802,8.54762,575.0,1,0,0,0,1.0
221,47.38119,8.53346,210.0,1,0,0,0,3.0
222,47.38614,8.52568,62.0,0,0,1,0,4.0
223,47.38898,8.49287,240.0,1,0,0,0,2.0
224,47.41888,8.5081,86.0,1,0,0,0,2.0
225,47.39789,8.49951,350.0,1,0,0,0,1.0
226,47.36953,8.54568,135.0,0,0,1,0,5.0
227,47.41553,8.5451,125.0,1,0,0,0,2.0
228,47.35893,8.5266,110.0,1,0,0,0,4.0
229,47.41554,8.54484,150.0,1,0,0,0,2.0
230,47.4156,8.54518,130.0,1,0,0,0,2.0
231,47.40802,8.54762,575.0,1,0,0,0,1.0
232,47.37543,8.5301,77.0,0,0,1,0,5.0
233,47.35661,8.52664,120.0,1,0,0,0,4.0
234,47.3697,8.52476,150.0,1,0,0,0,3.0
235,47.40707,8.55428,141.0,1,0,0,0,2.0
236,47.40903,8.48827,70.0,0,0,1,0,4.0
237,47.37997,8.50702,79.0,1,0,0,0,3.0
238,47.3733,8.54177,56.0,0,0,1,0,5.0
239,47.41547,8.54494,125.0,1,0,0,0,2.0
240,47.39214,8.51455,85.0,1,0,0,0,3.0
241,47.37888,8.50335,72.0,0,0,1,0,5.0
242,47.39982,8.54127,70.0,0,0,1,0,4.0
243,47.37305,8.54167,54.0,0,0,1,0,5.0
244,47.36789,8.54163,175.0,1,0,0,0,3.0
245,47.35666,8.52867,60.0,0,0,1,0,5.0
246,47.37067,8.54021,340.0,1,0,0,0,2.0
247,47.37537,8.53501,511.0,1,0,0,0,1.0
248,47.39953,8.54091,110.0,1,0,0,0,3.0
249,47.33493,8.53114,85.0,1,0,0,0,5.0
250,47.41888,8.5081,90.0,1,0,0,0,2.0
251,47.36385,8.54942,185.0,1,0,0,0,3.0
252,47.35733,8.55358,139.0,1,0,0,0,4.0
253,47.35406,8.5573,70.0,1,0,0,0,4.0
254,47.40203,8.54538,100.0,1,0,0,0,3.0
255,47.38077,8.53434,180.0,1,0,0,0,3.0
256,47.37137,8.54428,268.0,1,0,0,0,3.0
257,47.37313,8.54242,704.0,1,0,0,0,1.0
258,47.35784,8.52677,70.0,0,0,1,0,5.0
259,47.39835,8.58831,45.0,0,0,1,0,4.0
260,47.36582,8.51524,83.0,0,0,1,0,5.0
261,47.37518,8.51686,119.0,1,0,0,0,3.0
262,47.41555,8.5451,150.0,1,0,0,0,2.0
263,47.36057,8.51748,70.0,0,0,1,0,5.0
264,47.36023,8.53029,109.0,0,0,1,0,5.0
265,47.37608,8.5225,68.0,0,0,1,0,5.0
266,47.359,8.55077,151.0,1,0,0,0,4.0
267,47.3821,8.50132,199.0,1,0,0,0,3.0
268,47.40592,8.5917,65.0,0,0,1,0,4.0
269,47.38943,8.55307,280.0,1,0,0,0,2.0
270,47.40801,8.54801,40.0,0,0,1,0,4.0
271,47.36997,8.54671,85.0,1,0,0,0,4.0
272,47.36849,8.55659,155.0,1,0,0,0,3.0
273,47.38368,8.55327,80.0,1,0,0,0,3.0
274,47.36477,8.51936,120.0,1,0,0,0,4.0
275,47.39255,8.53185,70.0,0,0,1,0,4.0
276,47.36041,8.5511,80.0,0,0,1,0,5.0
277,47.36084,8.51707,250.0,1,0,0,0,3.0
278,47.36214,8.56631,45.0,0,0,1,0,5.0
279,47.35913,8.51717,289.0,1,0,0,0,3.0
280,47.391,8.5478,130.0,1,0,0,0,3.0
281,47.37326,8.52085,384.0,0,0,1,0,3.0
282,47.38009,8.51496,100.0,1,0,0,0,3.0
283,47.35982,8.51704,289.0,1,0,0,0,3.0
284,47.41728,8.54833,32.0,0,0,1,0,4.0
285,47.37708,8.52348,575.0,1,0,0,0,1.0
286,47.37708,8.52348,575.0,1,0,0,0,1.0
287,47.37708,8.52348,575.0,1,0,0,0,1.0
288,47.37708,8.52348,575.0,1,0,0,0,1.0
289,47.37372,8.52848,75.0,0,0,1,0,5.0
290,47.40802,8.54762,575.0,1,0,0,0,1.0
291,47.40802,8.54762,575.0,1,0,0,0,1.0
292,47.40802,8.54762,575.0,1,0,0,0,1.0
293,47.40802,8.54762,575.0,1,0,0,0,1.0
294,47.40802,8.54762,575.0,1,0,0,0,1.0
295,47.40802,8.54762,575.0,1,0,0,0,1.0
296,47.38645,8.50316,575.0,1,0,0,0,1.0
297,47.39298,8.52591,106.0,1,0,0,0,3.0
298,47.37441,8.49645,160.0,1,0,0,0,3.0
299,47.38645,8.50316,575.0,1,0,0,0,1.0
300,47.38645,8.50316,575.0,1,0,0,0,1.0
301,47.38645,8.50316,575.0,1,0,0,0,1.0
302,47.38645,8.50316,575.0,1,0,0,0,1.0
303,47.38645,8.50316,575.0,1,0,0,0,1.0
304,47.38645,8.50316,575.0,1,0,0,0,1.0
305,47.38645,8.50316,575.0,1,0,0,0,1.0
306,47.38645,8.50316,575.0,1,0,0,0,1.0
307,47.35944,8.52649,150.0,1,0,0,0,4.0
308,47.38645,8.50316,575.0,1,0,0,0,1.0
309,47.38645,8.50316,575.0,1,0,0,0,1.0
310,47.38645,8.50316,575.0,1,0,0,0,1.0
311,47.38645,8.50316,575.0,1,0,0,0,1.0
312,47.37985,8.51411,148.0,1,0,0,0,3.0
313,47.40886,8.53224,47.0,0,0,1,0,4.0
314,47.38735,8.51522,160.0,1,0,0,0,3.0
315,47.38645,8.50316,575.0,1,0,0,0,1.0
316,47.38645,8.50316,575.0,1,0,0,0,1.0
317,47.38645,8.50316,575.0,1,0,0,0,1.0
318,47.38645,8.50316,575.0,1,0,0,0,1.0
319,47.40063,8.53103,75.0,0,0,1,0,4.0
320,47.40756,8.55934,85.0,1,0,0,0,2.0
321,47.35994,8.52206,134.0,1,0,0,0,4.0
322,47.37686,8.51255,115.0,1,0,0,0,3.0
323,47.38726,8.52221,90.0,0,0,1,0,4.0
324,47.37038,8.54719,75.0,1,0,0,0,4.0
325,47.37989,8.48981,56.0,0,0,1,0,5.0
326,47.37237,8.54397,99.0,1,0,0,0,4.0
327,47.3759,8.52021,130.0,1,0,0,0,3.0
328,47.38777,8.49119,210.0,1,0,0,0,2.0
329,47.39812,8.50584,91.0,1,0,0,0,3.0
330,47.41782,8.53634,150.0,0,0,1,0,3.0
331,47.39394,8.53179,48.0,1,0,0,0,3.0
332,47.37199,8.52825,200.0,1,0,0,0,3.0
333,47.38456,8.55001,92.0,1,0,0,0,3.0
334,47.37455,8.52999,420.0,1,0,0,0,2.0
335,47.41602,8.54667,61.0,0,0,1,0,4.0
336,47.39295,8.51782,110.0,1,0,0,0,3.0
337,47.33002,8.5161,108.0,0,0,1,0,5.0
338,47.40901,8.54204,140.0,1,0,0,0,2.0
339,47.36723,8.52632,499.0,1,0,0,0,1.0
340,47.38882,8.48126,299.0,1,0,0,0,2.0
341,47.34338,8.53135,2483.0,1,0,0,0,1.0
342,47.37949,8.54429,126.0,1,0,0,0,3.0
343,47.36183,8.51632,91.0,1,0,0,0,4.0
344,47.37544,8.51641,69.0,1,0,0,0,4.0
345,47.35873,8.52627,110.0,1,0,0,0,4.0
346,47.37505,8.54372,575.0,1,0,0,0,1.0
347,47.40107,8.49915,135.0,0,0,1,0,4.0
348,47.35721,8.52087,139.0,1,0,0,0,4.0
349,47.37198,8.54206,160.0,1,0,0,0,3.0
350,47.3718,8.54541,145.0,1,0,0,0,3.0
351,47.38646,8.54015,116.0,1,0,0,0,3.0
352,47.41037,8.53746,116.0,1,0,0,0,2.0
353,47.37414,8.5441,246.0,1,0,0,0,3.0
354,47.35796,8.55493,118.0,0,0,1,0,5.0
355,47.37947,8.5173,138.0,1,0,0,0,3.0
356,47.37843,8.5141,110.0,1,0,0,0,3.0
357,47.41888,8.5081,90.0,1,0,0,0,2.0
358,47.40889,8.54848,100.0,1,0,0,0,2.0
359,47.34802,8.5278,40.0,0,0,0,1,5.0
360,47.34802,8.5278,140.0,0,0,0,1,5.0
361,47.35975,8.52788,81.0,1,0,0,0,4.0
362,47.40942,8.54102,130.0,1,0,0,0,2.0
363,47.37618,8.50995,280.0,1,0,0,0,2.0
364,47.38349,8.50863,93.0,1,0,0,0,3.0
365,47.39449,8.52004,72.0,1,0,0,0,3.0
366,47.35835,8.51756,416.0,1,0,0,0,2.0
367,47.382,8.52983,99.0,1,0,0,0,3.0
368,47.33132,8.52768,115.0,1,0,0,0,5.0
369,47.36007,8.5554,95.0,0,0,1,0,5.0
370,47.35814,8.55635,150.0,1,0,0,0,4.0
371,47.35976,8.51851,416.0,1,0,0,0,2.0
372,47.36041,8.55566,90.0,0,0,1,0,5.0
373,47.361,8.52976,90.0,1,0,0,0,4.0
374,47.38342,8.5495,150.0,1,0,0,0,3.0
375,47.35862,8.51657,55.0,1,0,0,0,4.0
376,47.36502,8.49349,39.0,0,0,1,0,5.0
377,47.37099,8.51514,110.0,1,0,0,0,4.0
378,47.4164,8.53539,50.0,0,0,1,0,4.0
379,47.3753,8.51415,72.0,0,0,1,0,5.0
380,47.38809,8.54917,90.0,1,0,0,0,3.0
381,47.37338,8.54301,1215.0,1,0,0,0,1.0
382,47.37458,8.54353,115.0,1,0,0,0,3.0
383,47.36111,8.55034,271.0,1,0,0,0,3.0
384,47.35975,8.54969,550.0,1,0,0,0,1.0
385,47.37336,8.5543,195.0,0,1,0,0,4.0
386,47.36085,8.55474,90.0,0,0,1,0,5.0
387,47.35998,8.55502,129.0,1,0,0,0,4.0
388,47.38299,8.51597,37.0,0,0,1,0,5.0
389,47.41354,8.54605,85.0,1,0,0,0,2.0
390,47.38136,8.53346,280.0,1,0,0,0,2.0
391,47.36103,8.55621,90.0,0,0,1,0,5.0
392,47.3776931762695,8.5216360092163,64.0,1,0,0,0,4.0
393,47.35762,8.55756,118.0,0,0,1,0,5.0
394,47.4156,8.5451,130.0,1,0,0,0,2.0
395,47.3713,8.52514,150.0,1,0,0,0,3.0
396,47.35556,8.55478,139.0,1,0,0,0,4.0
397,47.37911,8.55166,76.0,1,0,0,0,3.0
398,47.36094,8.56591,249.0,1,0,0,0,3.0
399,47.38561,8.48861,54.0,0,0,1,0,5.0
400,47.37212,8.5265,280.0,1,0,0,0,3.0
401,47.3803,8.50703,95.0,1,0,0,0,3.0
402,47.38035,8.52826,70.0,0,0,1,0,5.0
403,47.41555,8.54505,150.0,1,0,0,0,2.0
404,47.4132,8.54199,189.0,0,1,0,0,2.0
405,47.39304,8.52821,165.0,1,0,0,0,2.0
406,47.40421,8.48591,187.0,1,0,0,0,2.0
407,47.35511,8.6048,150.0,1,0,0,0,4.0
408,47.39099,8.47205,54.0,1,0,0,0,3.0
409,47.3727,8.54082,95.0,1,0,0,0,4.0
410,47.42425,8.51083,58.0,0,0,1,0,3.0
411,47.36313,8.55054,85.0,1,0,0,0,4.0
412,47.3841,8.50817,225.0,1,0,0,0,2.0
413,47.38429,8.50774,220.0,1,0,0,0,2.0
414,47.37843,8.5141,167.0,1,0,0,0,3.0
415,47.33136,8.53636,110.0,0,0,1,0,5.0
416,47.37455,8.52999,340.0,1,0,0,0,2.0
417,47.37764,8.54849,92.0,1,0,0,0,3.0
418,47.3741,8.54504,95.0,1,0,0,0,4.0
419,47.41308,8.54723,97.0,1,0,0,0,2.0
420,47.3699,8.52752,69.0,0,0,1,0,5.0
421,47.3622,8.52097,1171.0,1,0,0,0,1.0
422,47.37303,8.51942,68.0,0,0,1,0,5.0
423,47.37455,8.52999,950.0,1,0,0,0,1.0
424,47.38798,8.54424,120.0,1,0,0,0,3.0
425,47.38919,8.5444,120.0,1,0,0,0,3.0
426,47.41887,8.50807,90.0,1,0,0,0,2.0
427,47.41887,8.50807,90.0,1,0,0,0,2.0
428,47.42287,8.51473,90.0,1,0,0,0,2.0
429,47.41887,8.50807,90.0,1,0,0,0,2.0
430,47.42287,8.51473,90.0,1,0,0,0,2.0
431,47.41887,8.50807,90.0,1,0,0,0,2.0
432,47.42318,8.51508,90.0,1,0,0,0,2.0
433,47.41887,8.50807,90.0,1,0,0,0,2.0
434,47.42287,8.51473,90.0,1,0,0,0,2.0
435,47.41887,8.50807,90.0,1,0,0,0,2.0
436,47.42287,8.51473,90.0,1,0,0,0,2.0
437,47.42287,8.51473,90.0,1,0,0,0,2.0
438,47.42287,8.51473,90.0,1,0,0,0,2.0
439,47.41887,8.50807,90.0,1,0,0,0,2.0
440,47.41887,8.50807,90.0,1,0,0,0,2.0
441,47.36662,8.53698,240.0,1,0,0,0,3.0
442,47.41021,8.56322,300.0,0,0,1,0,2.0
443,47.33633,8.53903,1423.0,1,0,0,0,1.0
444,47.36904,8.5578,400.0,1,0,0,0,2.0
445,47.34904,8.56313,95.0,1,0,0,0,4.0
446,47.41584,8.54538,130.0,1,0,0,0,2.0
447,47.37384,8.54256,130.0,1,0,0,0,3.0
448,47.38028,8.50769,89.0,1,0,0,0,3.0
449,47.35717,8.57667,77.0,0,0,1,0,5.0
450,47.37109,8.52559,140.0,0,0,1,0,5.0
451,47.37682,8.53883,596.0,1,0,0,0,1.0
452,47.37798,8.5379,689.0,1,0,0,0,1.0
453,47.37773,8.53801,596.0,1,0,0,0,1.0
454,47.37774,8.53983,596.0,1,0,0,0,1.0
455,47.36522,8.52109,52.0,0,0,1,0,5.0
456,47.36731,8.52094,61.0,0,0,1,0,5.0
457,47.37843,8.5141,230.0,1,0,0,0,3.0
458,47.36469,8.51873,100.0,0,0,1,0,5.0
459,47.38737,8.49405,240.0,0,1,0,0,3.0
460,47.36548,8.54847,700.0,0,0,1,0,1.0
461,47.3695,8.52834,115.0,1,0,0,0,4.0
462,47.39671,8.51977,47.0,0,0,1,0,4.0
463,47.40097,8.54583,129.0,1,0,0,0,2.0
464,47.38049,8.50784,78.0,1,0,0,0,3.0
465,47.40229,8.49432,54.0,0,0,1,0,4.0
466,47.40995,8.54569,156.0,1,0,0,0,2.0
467,47.36696,8.52266,192.0,1,0,0,0,3.0
468,47.36696,8.52266,212.0,1,0,0,0,3.0
469,47.36696,8.52266,209.0,1,0,0,0,3.0
470,47.36696,8.52266,490.0,1,0,0,0,1.0
471,47.37068,8.51172,133.0,0,0,1,0,5.0
472,47.40449,8.48669,333.0,1,0,0,0,1.0
473,47.37784,8.55845,150.0,0,0,1,0,4.0
474,47.36939,8.49282,87.0,1,0,0,0,4.0
475,47.34133,8.52947,96.0,0,0,1,0,5.0
476,47.36343,8.55644,57.0,0,0,1,0,5.0
477,47.41311,8.54414,114.0,0,0,1,0,3.0
478,47.36325,8.55957,200.0,1,0,0,0,3.0
479,47.37994,8.48114,48.0,0,0,1,0,5.0
480,47.38777,8.48239,90.0,0,0,1,0,4.0
481,47.35983,8.55046,467.0,1,0,0,0,2.0
482,47.35861,8.51649,45.0,0,0,1,0,5.0
483,47.39021,8.523,170.0,1,0,0,0,3.0
484,47.391,8.5478,125.0,1,0,0,0,3.0
485,47.391,8.5478,100.0,1,0,0,0,3.0
486,47.37367,8.53907,85.0,1,0,0,0,4.0
487,47.36939,8.54563,145.0,0,0,1,0,5.0
488,47.36089,8.56275,65.0,0,0,1,0,5.0
489,47.37287,8.53854,99.0,1,0,0,0,4.0
490,47.36591,8.55055,147.0,1,0,0,0,4.0
491,47.36584,8.55204,149.0,1,0,0,0,4.0
492,47.39452,8.53117,300.0,1,0,0,0,2.0
493,47.37767,8.56681,1000.0,0,0,1,0,1.0
494,47.38708,8.49633,240.0,1,0,0,0,2.0
495,47.37977,8.50612,160.0,1,0,0,0,3.0
496,47.37907,8.51312,130.0,1,0,0,0,3.0
497,47.35767,8.55422,110.0,1,0,0,0,4.0
498,47.35647,8.5575,125.0,1,0,0,0,4.0
499,47.37516,8.515112,180.0,1,0,0,0,3.0
500,47.4201677999999,8.5047952,200.0,1,0,0,0,1.0
501,47.37372,8.52188,96.0,1,0,0,0,4.0
502,47.35853,8.52861,93.0,1,0,0,0,4.0
503,47.37257,8.52883,99.0,0,0,1,0,5.0
504,47.37583,8.54434,574.0,1,0,0,0,1.0
505,47.38691,8.49168,575.0,1,0,0,0,1.0
506,47.38612,8.49211,575.0,1,0,0,0,1.0
507,47.38552,8.49362,575.0,1,0,0,0,1.0
508,47.38535,8.49344,575.0,1,0,0,0,1.0
509,47.38657,8.4934,575.0,1,0,0,0,1.0
510,47.38495,8.4917,575.0,1,0,0,0,1.0
511,47.38482,8.49314,575.0,1,0,0,0,1.0
512,47.38472,8.49359,575.0,1,0,0,0,1.0
513,47.3863,8.49225,575.0,1,0,0,0,1.0
514,47.38679,8.49366,575.0,1,0,0,0,1.0
515,47.38533,8.49174,575.0,1,0,0,0,1.0
516,47.39916,8.50557,296.0,1,0,0,0,1.0
517,47.40757,8.53859,240.0,0,0,1,0,3.0
518,47.39901,8.54151,60.0,0,0,1,0,4.0
519,47.40081,8.54467,96.0,1,0,0,0,3.0
520,47.35766,8.55473,124.0,1,0,0,0,4.0
521,47.38502,8.50769,375.0,1,0,0,0,2.0
522,47.38526,8.50764,173.0,1,0,0,0,3.0
523,47.37602,8.5658,89.0,0,0,1,0,5.0
524,47.37672,8.56733,150.0,0,0,1,0,4.0
525,47.37443,8.52931,300.0,0,0,1,0,3.0
526,47.38182,8.48131,85.0,1,0,0,0,3.0
527,47.40145,8.54554,119.0,1,0,0,0,2.0
528,47.35817,8.55294,95.0,0,0,1,0,5.0
529,47.37334,8.54476,441.0,1,0,0,0,2.0
530,47.36878,8.55702,89.0,0,0,1,0,5.0
531,47.35773,8.55275,124.0,1,0,0,0,4.0
532,47.35912,8.55318,95.0,1,0,0,0,4.0
533,47.38727,8.49311,90.0,1,0,0,0,3.0
534,47.35787,8.55297,125.0,1,0,0,0,4.0
535,47.35779,8.55328,105.0,1,0,0,0,4.0
536,47.41283,8.51578,54.0,0,0,1,0,4.0
537,47.3593,8.55429,116.0,1,0,0,0,4.0
538,47.35887,8.55399,95.0,1,0,0,0,4.0
539,47.37726,8.56566,150.0,0,0,1,0,4.0
540,47.3512,8.56652,200.0,1,0,0,0,4.0
541,47.35924,8.55265,144.0,1,0,0,0,4.0
542,47.37967,8.50604,169.0,1,0,0,0,3.0
543,47.35902,8.49771,132.0,1,0,0,0,4.0
544,47.36651,8.49336,75.0,1,0,0,0,4.0
545,47.35185,8.56661,100.0,0,0,1,0,5.0
546,47.38569,8.51373,240.0,1,0,0,0,2.0
547,47.35726,8.55432,110.0,1,0,0,0,4.0
548,47.3841,8.50817,216.0,1,0,0,0,2.0
549,47.36025,8.5605,160.0,1,0,0,0,4.0
550,47.38201,8.50151,110.0,1,0,0,0,3.0
551,47.36008,8.52724,9840.0,0,0,1,0,1.0
552,47.36995,8.52568,354.0,1,0,0,0,2.0
553,47.36963,8.52467,442.0,1,0,0,0,2.0
554,47.37062,8.52675,475.0,1,0,0,0,1.0
555,47.36917,8.52654,318.0,1,0,0,0,2.0
556,47.36912,8.52486,501.0,1,0,0,0,1.0
557,47.35509,8.5269,110.0,1,0,0,0,4.0
558,47.35718,8.55274,95.0,1,0,0,0,4.0
559,47.38754,8.53985,90.0,0,0,0,1,4.0
560,47.38446,8.50905,157.0,1,0,0,0,3.0
561,47.38494,8.50731,155.0,1,0,0,0,3.0
562,47.38506,8.50766,285.0,1,0,0,0,2.0
563,47.37356,8.53963,185.0,1,0,0,0,3.0
564,47.36107,8.5173,90.0,1,0,0,0,4.0
565,47.37018,8.51908,47.0,0,0,1,0,5.0
566,47.36085,8.51767,90.0,1,0,0,0,4.0
567,47.36095,8.51767,90.0,1,0,0,0,4.0
568,47.36088,8.51752,94.0,1,0,0,0,4.0
569,47.36642,8.56304,49.0,0,0,1,0,5.0
570,47.38126,8.50611,295.0,1,0,0,0,2.0
571,47.36912,8.55666,440.0,1,0,0,0,2.0
572,47.35938,8.52303,149.0,1,0,0,0,4.0
573,47.39019,8.53774,95.0,0,0,1,0,4.0
574,47.39057,8.47366,72.0,1,0,0,0,3.0
575,47.37646,8.51452,111.0,1,0,0,0,3.0
576,47.39531,8.52095,47.0,0,0,1,0,4.0
577,47.35961,8.51251,120.0,1,0,0,0,4.0
578,47.37514,8.51872,59.0,0,0,1,0,5.0
579,47.38447,8.52848,140.0,1,0,0,0,3.0
580,47.35588,8.55613,90.0,1,0,0,0,4.0
581,47.38583,8.52757,83.0,1,0,0,0,3.0
582,47.35649,8.58213,499.0,1,0,0,0,2.0
583,47.36351,8.49217,47.0,0,0,1,0,5.0
584,47.38043,8.53226,124.0,1,0,0,0,3.0
585,47.36714,8.52127,59.0,0,0,1,0,5.0
586,47.35808,8.6002,88.0,0,0,1,0,5.0
587,47.39014,8.50848,58.0,0,0,1,0,4.0
588,47.40438,8.54943,68.0,1,0,0,0,3.0
589,47.38631,8.48693,610.0,1,0,0,0,1.0
590,47.41416,8.5577,79.0,0,0,1,0,3.0
591,47.36592,8.52842,105.0,0,0,1,0,5.0
592,47.38487,8.54462,966.0,1,0,0,0,1.0
593,47.34693,8.53326,75.0,1,0,0,0,5.0
594,47.39054,8.52142,250.0,0,1,0,0,3.0
595,47.37716,8.545,313.0,0,1,0,0,3.0
596,47.36902,8.55053,300.0,0,1,0,0,3.0
597,47.40229,8.54445,96.0,1,0,0,0,3.0
598,47.37617,8.51201,200.0,1,0,0,0,3.0
599,47.36693,8.55756,475.0,1,0,0,0,2.0
600,47.3647,8.50899,86.0,1,0,0,0,4.0
601,47.37725,8.56622,79.0,0,0,1,0,5.0
602,47.36713,8.55229,250.0,1,0,0,0,3.0
603,47.38664,8.4977,80.0,0,0,1,0,4.0
604,47.41913,8.54363,65.0,0,0,1,0,3.0
605,47.38214,8.52955,89.0,0,0,1,0,4.0
606,47.37755,8.5229,58.0,0,0,1,0,5.0
607,47.37112,8.49875,220.0,1,0,0,0,3.0
608,47.39972,8.5047,198.0,1,0,0,0,2.0
609,47.37482,8.54345,111.0,1,0,0,0,3.0
610,47.42385,8.50211,54.0,0,0,1,0,3.0
611,47.40148,8.53308,44.0,0,0,1,0,4.0
612,47.397,8.51879,94.0,1,0,0,0,3.0
613,47.36626,8.52101,65.0,0,0,1,0,5.0
614,47.36609,8.56021,104.0,0,0,1,0,5.0
615,47.35067,8.56311,95.0,1,0,0,0,4.0
616,47.38326,8.53162,147.0,1,0,0,0,3.0
617,47.35942,8.55214,77.0,0,0,1,0,5.0
618,47.36372,8.55814,149.0,0,0,1,0,5.0
619,47.37902,8.55632,90.0,0,0,1,0,5.0
620,47.33815,8.53647,105.0,0,0,1,0,5.0
621,47.36589,8.55671,144.0,1,0,0,0,4.0
622,47.36026,8.58299,510.0,1,0,0,0,2.0
623,47.38168,8.54732,120.0,1,0,0,0,3.0
624,47.38168,8.54732,120.0,1,0,0,0,3.0
625,47.38244,8.54064,120.0,1,0,0,0,3.0
626,47.38168,8.54732,120.0,1,0,0,0,3.0
627,47.38168,8.54732,120.0,1,0,0,0,3.0
628,47.38168,8.54732,120.0,1,0,0,0,3.0
629,47.38168,8.54732,120.0,1,0,0,0,3.0
630,47.38168,8.54732,120.0,1,0,0,0,3.0
631,47.38168,8.54732,120.0,1,0,0,0,3.0
632,47.38168,8.54732,120.0,1,0,0,0,3.0
633,47.42014,8.50162,191.0,1,0,0,0,1.0
634,47.38168,8.54732,120.0,1,0,0,0,3.0
635,47.38168,8.54732,120.0,1,0,0,0,3.0
636,47.38168,8.54732,120.0,1,0,0,0,3.0
637,47.36515,8.55512,148.0,1,0,0,0,4.0
638,47.37815,8.52811,69.0,0,0,1,0,5.0
639,47.37058,8.5617,120.0,1,0,0,0,4.0
640,47.37212,8.56261,194.0,1,0,0,0,3.0
641,47.37247,8.52614,269.0,1,0,0,0,3.0
642,47.36261,8.53167,112.0,0,0,1,0,5.0
643,47.36874,8.53988,726.0,1,0,0,0,1.0
644,47.36874,8.53988,396.0,1,0,0,0,2.0
645,47.38238,8.4928,284.0,0,0,1,0,3.0
646,47.37542,8.56603,118.0,0,0,1,0,5.0
647,47.40763,8.55778,90.0,1,0,0,0,2.0
648,47.35886,8.5294,200.0,1,0,0,0,3.0
649,47.3774,8.52904,55.0,0,0,1,0,5.0
650,47.36376,8.53257,199.0,1,0,0,0,3.0
651,47.40214,8.54576,100.0,1,0,0,0,3.0
652,47.40812,8.52532,76.0,1,0,0,0,2.0
653,47.40659,8.58761,100.0,0,0,1,0,4.0
654,47.36508,8.51045,155.0,1,0,0,0,3.0
655,47.38538,8.49912,115.0,1,0,0,0,3.0
656,47.37609,8.52944,290.0,1,0,0,0,2.0
657,47.3693,8.51901,54.0,0,0,1,0,5.0
658,47.357891,8.598951,40.0,0,0,1,0,5.0
659,47.37883,8.52919,52.0,0,0,1,0,5.0
660,47.38067,8.50817,85.0,1,0,0,0,3.0
661,47.37476,8.51902,80.0,0,0,1,0,5.0
662,47.35988,8.49686,116.0,1,0,0,0,4.0
663,47.39487,8.52049,92.0,1,0,0,0,3.0
664,47.37365,8.51396,130.0,1,0,0,0,3.0
665,47.37532,8.52863,139.0,1,0,0,0,3.0
666,47.43129,8.54656,65.0,1,0,0,0,2.0
667,47.36259,8.55477,110.0,0,0,1,0,5.0
668,47.37239,8.56137,55.0,0,0,1,0,5.0
669,47.41917,8.50251,120.0,0,0,1,0,3.0
670,47.37638,8.53044,152.0,1,0,0,0,3.0
671,47.34855,8.57322,115.0,0,0,1,0,5.0
672,47.412,8.5293,79.0,1,0,0,0,2.0
673,47.39045,8.53831,125.0,1,0,0,0,3.0
674,47.37568,8.49746,60.0,0,0,1,0,5.0
675,47.37531,8.51353,120.0,0,0,1,0,5.0
676,47.40165,8.50117,110.0,1,0,0,0,2.0
677,47.38743,8.48272,176.0,1,0,0,0,3.0
678,47.39306,8.4789,50.0,0,0,1,0,4.0
679,47.37061,8.54095,140.0,0,0,0,1,4.0
680,47.35721,8.5547,140.0,1,0,0,0,4.0
681,47.41472,8.54396,125.0,1,0,0,0,2.0
682,47.3729057312011,8.53652095794677,340.0,0,1,0,0,3.0
683,47.36019,8.52268,140.0,1,0,0,0,4.0
684,47.37268,8.52651,150.0,0,0,1,0,4.0
685,47.40639,8.54706,80.0,0,0,1,0,4.0
686,47.40826,8.54878,80.0,0,0,1,0,4.0
687,47.40647,8.54768,80.0,1,0,0,0,3.0
688,47.40472,8.57047,95.0,1,0,0,0,3.0
689,47.37133,8.54047,289.0,1,0,0,0,2.0
690,47.37585,8.4835,90.0,0,0,1,0,5.0
691,47.37091,8.52796,120.0,1,0,0,0,3.0
692,47.3765302,8.5260281,290.0,1,0,0,0,2.0
693,47.35996,8.59117,98.0,1,0,0,0,4.0
694,47.40678,8.54767,80.0,0,0,1,0,4.0
695,47.37728,8.48299,90.0,0,0,1,0,5.0
696,47.36609,8.52114,130.0,1,0,0,0,4.0
697,47.357605,8.599305,40.0,0,0,1,0,5.0
698,47.37942,8.50621,78.0,1,0,0,0,3.0
699,47.35679,8.59408,210.0,1,0,0,0,3.0
700,47.42046,8.53931,70.0,0,0,1,0,3.0
701,47.37249,8.51675,90.0,1,0,0,0,4.0
702,47.33484,8.5286,71.0,0,0,1,0,5.0
703,47.40109,8.50269,180.0,1,0,0,0,2.0
704,47.35902,8.51672,42.0,0,0,1,0,5.0
705,47.40588,8.48537,50.0,0,0,1,0,4.0
706,47.36903,8.5349,220.0,1,0,0,0,3.0
707,47.3749,8.55268,76.0,0,0,1,0,5.0
708,47.39337,8.4846,210.0,0,0,1,0,3.0
709,47.39337,8.4846,235.0,0,0,1,0,3.0
710,47.37136,8.54775,120.0,1,0,0,0,3.0
711,47.35794,8.58881,45.0,0,0,1,0,5.0
712,47.36098,8.52143,120.0,1,0,0,0,4.0
713,47.35806,8.49732,89.0,1,0,0,0,4.0
714,47.3945,8.51886,35.0,0,0,1,0,4.0
715,47.35408,8.52575,141.0,1,0,0,0,4.0
716,47.37927,8.53025,43.0,0,0,1,0,5.0
717,47.37929,8.52707,90.0,0,0,1,0,5.0
718,47.41497,8.51393,74.0,0,0,1,0,3.0
719,47.36646,8.53281,124.0,1,0,0,0,4.0
720,47.36667,8.53173,150.0,1,0,0,0,3.0
721,47.36635,8.53318,120.0,1,0,0,0,4.0
722,47.36828,8.53312,124.0,1,0,0,0,4.0
723,47.36687,8.53187,120.0,1,0,0,0,4.0
724,47.36825,8.53284,105.0,1,0,0,0,4.0
725,47.38889,8.52105,240.0,0,0,1,0,3.0
726,47.36948,8.55685,216.0,1,0,0,0,3.0
727,47.3685,8.55634,153.0,1,0,0,0,3.0
728,47.37997,8.52528,92.0,1,0,0,0,3.0
729,47.37302,8.51717,150.0,1,0,0,0,3.0
730,47.40592,8.54323,56.0,1,0,0,0,3.0
731,47.3807,8.52872,320.0,1,0,0,0,2.0
732,47.38445,8.47506,380.0,1,0,0,0,1.0
733,47.37414,8.54362,139.0,1,0,0,0,3.0
734,47.38697,8.53846,60.0,0,0,1,0,4.0
735,47.37591,8.52354,105.0,1,0,0,0,3.0
736,47.3693,8.54475,76.0,0,0,0,1,4.0
737,47.35686,8.59309,53.0,0,0,1,0,5.0
738,47.37116,8.56947,120.0,1,0,0,0,4.0
739,47.3564,8.52464,85.0,1,0,0,0,4.0
740,47.3341,8.53502,80.0,1,0,0,0,5.0
741,47.38851,8.54673,131.0,0,0,1,0,4.0
742,47.36592,8.50806,103.0,1,0,0,0,4.0
743,47.36363,8.52724,249.0,0,0,1,0,4.0
744,47.40723,8.53694,174.0,1,0,0,0,2.0
745,47.39403,8.48344,235.0,0,0,1,0,3.0
746,47.39413,8.48549,210.0,0,0,1,0,3.0
747,47.37384,8.54313,191.0,0,0,1,0,4.0
748,47.37384,8.54313,147.0,0,0,1,0,4.0
749,47.41736,8.54057,346.0,1,0,0,0,1.0
750,47.34093,8.52852,150.0,1,0,0,0,4.0
751,47.37316,8.54212,135.0,1,0,0,0,3.0
752,47.38842,8.49458,266.0,0,0,1,0,3.0
753,47.38822,8.49342,308.0,0,0,1,0,3.0
754,47.38649,8.49515,386.0,0,0,1,0,3.0
755,47.3599,8.58379,145.0,0,0,1,0,5.0
756,47.34014,8.53117,90.0,0,0,1,0,5.0
757,47.37392,8.52108,75.0,0,0,1,0,5.0
758,47.36681,8.53629,130.0,0,0,1,0,5.0
759,47.37417,8.55259,120.0,0,0,1,0,5.0
760,47.36021,8.56809,109.0,1,0,0,0,4.0
761,47.35194,8.52647,182.0,1,0,0,0,4.0
762,47.35305,8.52843,163.0,1,0,0,0,4.0
763,47.3516,8.52654,158.0,1,0,0,0,4.0
764,47.37207,8.54043,400.0,1,0,0,0,2.0
765,47.38385,8.48119,65.0,0,0,1,0,5.0
766,47.36603,8.53656,120.0,0,0,1,0,5.0
767,47.37892,8.52128,240.0,0,0,1,0,4.0
768,47.37544,8.54419,796.0,0,0,1,0,1.0
769,47.37568,8.54451,771.0,0,0,1,0,1.0
770,47.37219,8.52848,125.0,1,0,0,0,3.0
771,47.37414,8.54344,999.0,0,0,1,0,1.0
772,47.3758,8.54284,786.0,0,0,1,0,1.0
773,47.37398,8.54596,768.0,0,0,1,0,1.0
774,47.37406,8.5451,760.0,0,0,1,0,1.0
775,47.36953,8.53536,200.0,1,0,0,0,3.0
776,47.36941,8.53832,249.0,1,0,0,0,3.0
777,47.39074,8.51708,447.0,1,0,0,0,1.0
778,47.37289,8.54132,129.0,1,0,0,0,3.0
779,47.36512,8.51771,206.0,1,0,0,0,3.0
780,47.34532,8.52875,67.0,0,0,1,0,5.0
781,47.37187,8.52914,115.0,1,0,0,0,3.0
782,47.37205,8.52908,105.0,1,0,0,0,4.0
783,47.3708,8.52769,125.0,1,0,0,0,3.0
784,47.37069,8.52762,110.0,1,0,0,0,4.0
785,47.38122,8.50639,92.0,1,0,0,0,3.0
786,47.37039,8.5292,110.0,1,0,0,0,4.0
787,47.37076,8.51838,610.0,1,0,0,0,1.0
788,47.37235,8.52989,99.0,1,0,0,0,4.0
789,47.37012,8.52765,100.0,1,0,0,0,4.0
790,47.38137,8.49939,120.0,1,0,0,0,3.0
791,47.41863,8.55671,180.0,1,0,0,0,2.0
792,47.3758,8.52895,220.0,1,0,0,0,3.0
793,47.397,8.51883,98.0,1,0,0,0,3.0
794,47.38779,8.53804,76.0,0,0,1,0,4.0
795,47.36803,8.5419,4600.0,1,0,0,0,1.0
796,47.37384,8.50182,60.0,0,0,1,0,5.0
797,47.39401,8.52837,130.0,1,0,0,0,3.0
798,47.34725,8.53239,133.0,1,0,0,0,4.0
799,47.37548,8.54007,1000.0,1,0,0,0,1.0
800,47.34916,8.52677,125.0,1,0,0,0,4.0
801,47.36739,8.55337,150.0,1,0,0,0,3.0
802,47.39777,8.50363,90.0,1,0,0,0,3.0
803,47.41797,8.50442,150.0,1,0,0,0,2.0
804,47.38302,8.54072,394.0,1,0,0,0,1.0
805,47.37731,8.5291,45.0,0,0,1,0,5.0
806,47.3872,8.51426,324.0,1,0,0,0,2.0
807,47.3662,8.49178,575.0,1,0,0,0,1.0
808,47.36593,8.49318,575.0,1,0,0,0,1.0
809,47.39038,8.53908,89.0,0,0,1,0,4.0
810,47.36728,8.49287,575.0,1,0,0,0,1.0
811,47.36765,8.4933,575.0,1,0,0,0,1.0
812,47.36654,8.49196,575.0,1,0,0,0,1.0
813,47.36717,8.49257,575.0,1,0,0,0,1.0
814,47.36606,8.49252,575.0,1,0,0,0,1.0
815,47.3674,8.49173,575.0,1,0,0,0,1.0
816,47.36593,8.49304,575.0,1,0,0,0,1.0
817,47.36719,8.4932,575.0,1,0,0,0,1.0
818,47.36932,8.516,75.0,1,0,0,0,4.0
819,47.375,8.52736,180.0,1,0,0,0,3.0
820,47.3783,8.51596,225.0,1,0,0,0,3.0
821,47.38151,8.53074,800.0,1,0,0,0,1.0
822,47.36851,8.55345,146.0,1,0,0,0,3.0
823,47.36801,8.54331,145.0,1,0,0,0,3.0
824,47.38735,8.52827,147.0,1,0,0,0,3.0
825,47.38416,8.52884,147.0,1,0,0,0,3.0
826,47.37435,8.5174,272.0,1,0,0,0,2.0
827,47.36124,8.55087,291.0,1,0,0,0,3.0
828,47.36124,8.55087,314.0,1,0,0,0,3.0
829,47.38417,8.54215,215.0,1,0,0,0,3.0
830,47.36084,8.51772,70.0,0,0,1,0,5.0
831,47.39621,8.51925,80.0,1,0,0,0,3.0
832,47.3844,8.53129,150.0,1,0,0,0,3.0
833,47.36641,8.55313,227.0,1,0,0,0,3.0
834,47.36243,8.5594,75.0,0,0,1,0,5.0
835,47.36186,8.51296,100.0,1,0,0,0,4.0
836,47.38432,8.50799,131.0,1,0,0,0,3.0
837,47.38547,8.47485,32.0,0,0,1,0,5.0
838,47.36581,8.55423,200.0,1,0,0,0,3.0
839,47.41638,8.54572,130.0,1,0,0,0,2.0
840,47.36663,8.52033,158.0,1,0,0,0,3.0
841,47.36556,8.53695,80.0,0,0,1,0,5.0
842,47.37403,8.51147,150.0,1,0,0,0,3.0
843,47.36124,8.55087,172.0,1,0,0,0,4.0
844,47.36124,8.55087,338.0,1,0,0,0,3.0
845,47.38417,8.54215,325.0,1,0,0,0,2.0
846,47.38417,8.54215,349.0,1,0,0,0,2.0
847,47.38417,8.54215,362.0,1,0,0,0,2.0
848,47.36109,8.55035,158.0,1,0,0,0,4.0
849,47.36109,8.55035,294.0,1,0,0,0,3.0
850,47.38339,8.54063,162.0,1,0,0,0,3.0
851,47.36255,8.56121,79.0,0,0,1,0,5.0
852,47.35831,8.55649,45.0,0,0,1,0,5.0
853,47.38302,8.54072,354.0,1,0,0,0,2.0
854,47.38339,8.54063,302.0,1,0,0,0,2.0
855,47.38302,8.54072,297.0,1,0,0,0,2.0
856,47.37755,8.53982,1000.0,1,0,0,0,1.0
857,47.37356,8.51567,145.0,1,0,0,0,3.0
858,47.40976,8.54339,85.0,1,0,0,0,2.0
859,47.41053,8.55296,179.0,0,0,1,0,3.0
860,47.37441,8.54372,105.0,1,0,0,0,3.0
861,47.37597,8.56721,169.0,1,0,0,0,3.0
862,47.37441,8.54372,110.0,1,0,0,0,3.0
863,47.37561,8.51658,380.0,1,0,0,0,2.0
864,47.41662,8.55507,250.0,1,0,0,0,1.0
865,47.3742,8.5408,95.0,1,0,0,0,4.0
866,47.35999,8.58926,118.0,1,0,0,0,4.0
867,47.3698,8.52135,50.0,0,0,1,0,5.0
868,47.3722,8.51669,80.0,0,0,1,0,5.0
869,47.37254,8.52165,181.0,1,0,0,0,3.0
870,47.36765,8.56379,170.0,1,0,0,0,3.0
871,47.36971,8.56341,136.0,1,0,0,0,3.0
872,47.37695,8.5258,88.0,0,0,1,0,5.0
873,47.384567,8.493582,184.0,0,0,1,0,4.0
874,47.3803,8.52665,128.0,1,0,0,0,3.0
875,47.39125,8.53908,155.0,1,0,0,0,3.0
876,47.36389,8.56042,85.0,0,0,1,0,5.0
877,47.37973,8.50741,98.0,1,0,0,0,3.0
878,47.41084,8.55412,179.0,0,0,1,0,3.0
879,47.41013,8.5522,179.0,0,0,1,0,3.0
880,47.4113,8.55375,179.0,0,0,1,0,3.0
881,47.41155,8.5526,179.0,0,0,1,0,3.0
882,47.38382,8.52974,166.0,1,0,0,0,3.0
883,47.37537,8.5451,505.0,0,0,1,0,2.0
884,47.406,8.51949,163.0,1,0,0,0,2.0
885,47.41033,8.53873,65.0,0,0,1,0,4.0
886,47.36398,8.54879,286.0,0,0,1,0,4.0
887,47.3421,8.53646,400.0,1,0,0,0,3.0
888,47.40972,8.53413,56.0,0,0,1,0,4.0
889,47.36899,8.56186,165.0,1,0,0,0,3.0
890,47.39105,8.50942,157.0,1,0,0,0,3.0
891,47.38076,8.48828,186.0,1,0,0,0,3.0
892,47.36856,8.54559,160.0,0,0,1,0,5.0
893,47.36884,8.54486,65.0,0,0,0,1,4.0
894,47.38474,8.49347,40.0,0,0,1,0,5.0
895,47.35539,8.55751,103.0,1,0,0,0,4.0
896,47.37046,8.54522,312.0,1,0,0,0,2.0
897,47.35982,8.55135,250.0,1,0,0,0,3.0
898,47.40597,8.48654,514.0,1,0,0,0,1.0
899,47.37408,8.53906,159.0,1,0,0,0,3.0
900,47.3724,8.52839,52.0,1,0,0,0,4.0
901,47.37441,8.54372,107.0,1,0,0,0,3.0
902,47.36037,8.6012,115.0,1,0,0,0,4.0
903,47.36026,8.58299,510.0,1,0,0,0,2.0
904,47.37686,8.5456,505.0,0,0,1,0,2.0
905,47.37086,8.49388,75.0,1,0,0,0,4.0
906,47.34946,8.56138,85.0,0,0,1,0,5.0
907,47.36747,8.55396,199.0,1,0,0,0,3.0
908,47.37537,8.48559,58.0,0,0,1,0,5.0
909,47.37457,8.52854,291.0,0,0,1,0,4.0
910,47.37408,8.52964,233.0,0,0,1,0,4.0
911,47.37489,8.52445,130.0,1,0,0,0,3.0
912,47.37756,8.54378,100.0,1,0,0,0,3.0
913,47.39632,8.4886,54.0,0,0,1,0,4.0
914,47.38519,8.48361,88.0,1,0,0,0,3.0
915,47.36258,8.56834,175.0,1,0,0,0,3.0
916,47.40398,8.55365,88.0,0,0,1,0,4.0
917,47.37668,8.51546,90.0,1,0,0,0,3.0
918,47.3738,8.52431,121.0,0,0,1,0,5.0
919,47.40696,8.54942,70.0,0,0,1,0,4.0
920,47.40845,8.54808,80.0,0,0,1,0,4.0
921,47.40674,8.54825,80.0,0,0,1,0,4.0
922,47.36729,8.52343,165.0,1,0,0,0,3.0
923,47.40581,8.55173,50.0,1,0,0,0,3.0
924,47.36397,8.56124,87.0,0,0,1,0,5.0
925,47.38113,8.54866,141.0,1,0,0,0,3.0
926,47.37093,8.51825,96.0,1,0,0,0,4.0
927,47.36435,8.51886,76.0,1,0,0,0,4.0
928,47.39838,8.53977,131.0,1,0,0,0,3.0
929,47.40493,8.59321,118.0,1,0,0,0,2.0
930,47.36763,8.53621,430.0,1,0,0,0,2.0
931,47.37912,8.51454,120.0,1,0,0,0,3.0
932,47.36503,8.53316,122.0,1,0,0,0,4.0
933,47.38545,8.54173,180.0,1,0,0,0,3.0
934,47.37406,8.52283,165.0,1,0,0,0,3.0
935,47.35702,8.5987,70.0,0,0,1,0,5.0
936,47.37177,8.51119,250.0,1,0,0,0,3.0
937,47.37466,8.54453,115.0,1,0,0,0,3.0
938,47.39854,8.50459,152.0,1,0,0,0,2.0
939,47.39961,8.5061,128.0,1,0,0,0,2.0
940,47.34889,8.56199,95.0,1,0,0,0,4.0
941,47.3515,8.5813,104.0,1,0,0,0,4.0
942,47.37532,8.53838,200.0,0,0,1,0,4.0
943,47.41382,8.54231,150.0,0,0,1,0,3.0
944,47.34685,8.53136,150.0,1,0,0,0,4.0
945,47.41453,8.55672,172.0,1,0,0,0,2.0
946,47.36415,8.55715,190.0,1,0,0,0,3.0
947,47.36832,8.56337,200.0,1,0,0,0,3.0
948,47.357597,8.599312,45.0,0,0,1,0,5.0
949,47.37117,8.52912,170.0,1,0,0,0,3.0
950,47.39017,8.485,200.0,1,0,0,0,2.0
951,47.37319,8.52121,184.0,1,0,0,0,3.0
952,47.38397,8.50011,139.0,1,0,0,0,3.0
953,47.3801,8.48881,190.0,1,0,0,0,3.0
954,47.35639,8.58524,213.0,1,0,0,0,3.0
955,47.40063,8.49925,126.0,1,0,0,0,2.0
956,47.39312,8.47373,120.0,0,0,1,0,4.0
957,47.36912,8.54596,80.0,1,0,0,0,4.0
958,47.36042,8.56487,115.0,1,0,0,0,4.0
959,47.3491,8.5634,138.0,1,0,0,0,4.0
960,47.36594,8.51628,110.0,1,0,0,0,4.0
961,47.40222,8.53629,153.0,0,0,1,0,3.0
962,47.39099,8.48508,49.0,0,0,1,0,4.0
963,47.39629,8.51503,40.0,0,0,1,0,4.0
964,47.357597,8.599312,40.0,0,0,1,0,5.0
965,47.36386,8.51852,110.0,1,0,0,0,4.0
966,47.36501,8.53763,200.0,1,0,0,0,3.0
967,47.40681,8.55373,70.0,1,0,0,0,3.0
968,47.382195,8.544195,119.0,1,0,0,0,3.0
969,47.35713,8.51536,200.0,1,0,0,0,3.0
970,47.39074,8.48526,162.0,1,0,0,0,3.0
971,47.3803,8.50323,67.0,1,0,0,0,3.0
972,47.36961,8.56198,170.0,1,0,0,0,3.0
973,47.39845,8.54295,160.0,1,0,0,0,2.0
974,47.39339,8.52268,44.0,0,0,1,0,4.0
975,47.37625,8.52033,152.0,1,0,0,0,3.0
976,47.35843,8.5571,205.0,1,0,0,0,3.0
977,47.38569,8.52806,83.0,0,0,1,0,4.0
978,47.39076,8.48442,162.0,1,0,0,0,3.0
979,47.38939,8.48381,162.0,1,0,0,0,3.0
980,47.3682,8.56376,165.0,1,0,0,0,3.0
981,47.37201,8.54397,135.0,1,0,0,0,3.0
982,47.405109,8.548742,93.0,1,0,0,0,3.0
983,47.357807,8.599515,45.0,0,0,1,0,5.0
984,47.40347,8.53579,150.0,1,0,0,0,2.0
985,47.357597,8.599312,30.0,0,0,1,0,5.0
986,47.3931,8.52554,75.0,1,0,0,0,3.0
987,47.39526,8.54318,101.0,1,0,0,0,3.0
988,47.36564,8.52086,150.0,1,0,0,0,3.0
989,47.34663,8.56425,165.0,1,0,0,0,4.0
990,47.36845,8.545261,101.0,0,0,1,0,5.0
991,47.357807,8.599515,40.0,0,0,1,0,5.0
992,47.3861,8.50922,350.0,1,0,0,0,2.0
993,47.42131,8.53768,130.0,1,0,0,0,2.0
994,47.36064,8.55034,139.0,1,0,0,0,4.0
995,47.3725,8.54348,118.0,0,0,1,0,5.0
996,47.37305,8.51824,90.0,0,0,1,0,5.0
997,47.36902,8.54707,80.0,1,0,0,0,4.0
998,47.35188,8.53033,232.0,1,0,0,0,3.0
999,47.35579,8.514,81.0,0,0,1,0,5.0
1000,47.36834,8.52093,105.0,1,0,0,0,4.0
1001,47.38307,8.50074,60.0,0,0,1,0,5.0
1002,47.37073,8.51597,90.0,1,0,0,0,4.0
1003,47.35611,8.55679,110.0,0,0,1,0,5.0
1004,47.39322,8.47623,130.0,1,0,0,0,3.0
1005,47.37716,8.54135,75.0,1,0,0,0,4.0
1006,47.34146,8.52881,85.0,0,0,1,0,5.0
1007,47.36341,8.5558,509.0,1,0,0,0,1.0
1008,47.40968,8.54261,140.0,1,0,0,0,2.0
1009,47.38293,8.53491,575.0,1,0,0,0,1.0
1010,47.35965,8.5706,160.0,1,0,0,0,4.0
1011,47.38097,8.53339,575.0,1,0,0,0,1.0
1012,47.38232,8.53483,575.0,1,0,0,0,1.0
1013,47.3807,8.53477,575.0,1,0,0,0,1.0
1014,47.3815,8.5334,575.0,1,0,0,0,1.0
1015,47.383,8.53328,575.0,1,0,0,0,1.0
1016,47.38234,8.53494,575.0,1,0,0,0,1.0
1017,47.38268,8.53447,575.0,1,0,0,0,1.0
1018,47.38219,8.53436,575.0,1,0,0,0,1.0
1019,47.39571,8.52203,111.0,1,0,0,0,3.0
1020,47.37582,8.51581,100.0,1,0,0,0,3.0
1021,47.38092,8.51773,105.0,1,0,0,0,3.0
1022,47.3843,8.54921,81.0,1,0,0,0,3.0
1023,47.358826,8.497919,133.0,1,0,0,0,4.0
1024,47.37377,8.54291,197.0,1,0,0,0,3.0
1025,47.37949,8.54567,180.0,1,0,0,0,3.0
1026,47.37771,8.52865,130.0,1,0,0,0,3.0
1027,47.40101,8.58975,100.0,1,0,0,0,3.0
1028,47.40335,8.53481,91.0,1,0,0,0,3.0
1029,47.41914,8.55134,98.0,0,0,1,0,3.0
1030,47.41678,8.54641,106.0,1,0,0,0,2.0
1031,47.37696,8.52247,155.0,1,0,0,0,3.0
1032,47.42739,8.55486,120.0,1,0,0,0,2.0
1033,47.38036,8.48908,58.0,0,0,1,0,5.0
1034,47.38212,8.50645,105.0,0,0,1,0,4.0
1035,47.36081,8.60042,58.0,1,0,0,0,4.0
1036,47.39235,8.54675,78.0,0,0,1,0,4.0
1037,47.37944,8.50667,220.0,0,0,1,0,4.0
1038,47.35666,8.60018,45.0,0,0,1,0,5.0
1039,47.36911,8.54416,177.0,1,0,0,0,3.0
1040,47.39874,8.50638,37.0,0,0,0,1,4.0
1041,47.36795,8.5454,1000.0,1,0,0,0,1.0
1042,47.33346,8.52859,95.0,0,0,1,0,5.0
1043,47.40126,8.53341,90.0,1,0,0,0,3.0
1044,47.35482,8.55308,155.0,1,0,0,0,4.0
1045,47.38874,8.49727,89.0,1,0,0,0,3.0
1046,47.38936,8.52256,77.0,1,0,0,0,3.0
1047,47.35906,8.55463,150.0,1,0,0,0,4.0
1048,47.37275,8.54638,111.0,1,0,0,0,3.0
1049,47.38095,8.53619,160.0,1,0,0,0,3.0
1050,47.37535,8.51942,95.0,0,0,1,0,5.0
1051,47.34973,8.56377,110.0,1,0,0,0,4.0
1052,47.37716,8.5144,80.0,1,0,0,0,4.0
1053,47.40291,8.49591,111.0,1,0,0,0,2.0
1054,47.40939,8.54068,130.0,1,0,0,0,2.0
1055,47.38089,8.51532,149.0,1,0,0,0,3.0
1056,47.36515,8.52684,109.0,1,0,0,0,4.0
1057,47.36507,8.59591,300.0,1,0,0,0,3.0
1058,47.395203,8.544974,94.0,1,0,0,0,3.0
1059,47.40881,8.54124,130.0,1,0,0,0,2.0
1060,47.37425,8.52541,229.0,1,0,0,0,3.0
1061,47.3938,8.54637,110.0,1,0,0,0,3.0
1062,47.36017,8.51203,200.0,1,0,0,0,3.0
1063,47.37063,8.54734,60.0,1,0,0,0,4.0
1064,47.37893,8.53777,160.0,1,0,0,0,3.0
1065,47.38059,8.53639,160.0,1,0,0,0,3.0
1066,47.37055,8.55561,313.0,1,0,0,0,2.0
1067,47.38802,8.537,120.0,1,0,0,0,3.0
1068,47.39706,8.50866,165.0,1,0,0,0,2.0
1069,47.41112,8.53167,237.0,0,0,1,0,3.0
1070,47.38468,8.52983,200.0,1,0,0,0,3.0
1071,47.37547,8.52255,105.0,0,0,1,0,5.0
1072,47.3765,8.51447,98.0,1,0,0,0,3.0
1073,47.35173,8.52925,1200.0,1,0,0,0,1.0
1074,47.36869,8.52118,150.0,1,0,0,0,3.0
1075,47.39083,8.51036,200.0,1,0,0,0,2.0
1076,47.36719,8.53325,220.0,1,0,0,0,3.0
1077,47.37416,8.54315,175.0,0,0,1,0,4.0
1078,47.39013,8.48571,354.0,1,0,0,0,1.0
1079,47.37684,8.52926,139.0,1,0,0,0,3.0
1080,47.36273,8.53133,300.0,1,0,0,0,3.0
1081,47.38611,8.49638,64.0,1,0,0,0,3.0
1082,47.36222,8.55253,83.0,1,0,0,0,4.0
1083,47.36936,8.51987,150.0,1,0,0,0,3.0
1084,47.38455,8.48567,60.0,0,0,1,0,5.0
1085,47.39464,8.5472,220.0,1,0,0,0,2.0
1086,47.39575,8.50495,100.0,1,0,0,0,3.0
1087,47.3896179199218,8.54436302185058,130.0,1,0,0,0,3.0
1088,47.34536,8.53337,180.0,1,0,0,0,4.0
1089,47.3726,8.51896,150.0,1,0,0,0,3.0
1090,47.37422,8.52249,209.0,1,0,0,0,3.0
1091,47.37582,8.52103,159.0,1,0,0,0,3.0
1092,47.3686,8.50832,93.0,1,0,0,0,4.0
1093,47.40738,8.55164,90.0,1,0,0,0,2.0
1094,47.39066,8.47777,136.0,1,0,0,0,3.0
1095,47.36103,8.52095,255.0,1,0,0,0,3.0
1096,47.4108237999999,8.54781669999999,182.0,1,0,0,0,2.0
1097,47.3645607,8.5527619,366.0,1,0,0,0,2.0
1098,47.4108237999999,8.54781669999999,168.0,1,0,0,0,2.0
1099,47.4108237999999,8.54781669999999,214.0,1,0,0,0,2.0
1100,47.4108237999999,8.54781669999999,217.0,1,0,0,0,2.0
1101,47.4108237999999,8.54781669999999,170.0,1,0,0,0,2.0
1102,47.4108237999999,8.54781669999999,168.0,1,0,0,0,2.0
1103,47.4108237999999,8.54781669999999,201.0,1,0,0,0,2.0
1104,47.3762,8.54442,150.0,1,0,0,0,3.0
1105,47.37122,8.54647,142.0,1,0,0,0,3.0
1106,47.363,8.5211,149.0,1,0,0,0,4.0
1107,47.344437,8.5307339,294.0,1,0,0,0,3.0
1108,47.37442,8.51482,75.0,1,0,0,0,4.0
1109,47.42414,8.55376,50.0,1,0,0,0,2.0
1110,47.3691,8.54855,80.0,1,0,0,0,4.0
1111,47.37422,8.51476,79.0,1,0,0,0,4.0
1112,47.38907,8.4916,119.0,1,0,0,0,3.0
1113,47.383759,8.528862,80.0,0,0,1,0,4.0
1114,47.38065,8.53648,80.0,1,0,0,0,3.0
1115,47.38587,8.51488,140.0,1,0,0,0,3.0
1116,47.41138,8.53116,197.0,0,0,1,0,3.0
1117,47.40915,8.52964,217.0,0,0,1,0,3.0
1118,47.41077,8.53165,803.0,1,0,0,0,1.0
1119,47.402916,8.494218,302.0,1,0,0,0,1.0
1120,47.37695,8.48373,60.0,0,0,1,0,5.0
1121,47.36698,8.55691,103.0,1,0,0,0,4.0
1122,47.37126,8.55091,84.0,0,0,1,0,5.0
1123,47.38477,8.555,150.0,1,0,0,0,3.0
1124,47.37508,8.52377,100.0,1,0,0,0,3.0
1125,47.409939,8.541599,150.0,1,0,0,0,2.0
1126,47.38291,8.53128,90.0,1,0,0,0,3.0
1127,47.36247,8.54847,94.0,1,0,0,0,4.0
1128,47.41483,8.55725,115.0,0,0,1,0,3.0
1129,47.3827,8.53326,95.0,1,0,0,0,3.0
1130,47.36277,8.556181,375.0,0,0,1,0,3.0
1131,47.36108,8.54956,1328.0,0,0,1,0,1.0
1132,47.38917,8.5375,66.0,0,0,1,0,4.0
1133,47.374192,8.5307474,190.0,1,0,0,0,3.0
1134,47.39332,8.5163,86.0,0,0,1,0,4.0
1135,47.37279,8.52563,160.0,1,0,0,0,3.0
1136,47.3990426,8.54075619999999,156.0,1,0,0,0,2.0
1137,47.3714,8.52519,70.0,1,0,0,0,4.0
1138,47.42359,8.54137,1000.0,1,0,0,0,1.0
1139,47.37769,8.5225,58.0,0,0,1,0,5.0
1140,47.40622,8.5791,1000.0,1,0,0,0,1.0
1141,47.37934,8.59548,86.0,1,0,0,0,3.0
1142,47.35423,8.50822,79.0,0,0,1,0,5.0
1143,47.39796,8.537,120.0,1,0,0,0,3.0
1144,47.3664,8.51995,95.0,1,0,0,0,4.0
1145,47.3787096,8.5218027,255.0,1,0,0,0,2.0
1146,47.39839,8.55182,50.0,0,0,1,0,4.0
1147,47.35859,8.58217,68.0,0,0,1,0,5.0
1148,47.36845,8.50715,87.0,1,0,0,0,4.0
1149,47.37046,8.51851,150.0,1,0,0,0,3.0
1150,47.35933,8.51774,99.0,1,0,0,0,4.0
1151,47.393688,8.540448,68.0,1,0,0,0,3.0
1152,47.39084,8.53858,150.0,1,0,0,0,3.0
1153,47.40148,8.50296,96.0,1,0,0,0,3.0
1154,47.36584,8.50475,120.0,1,0,0,0,4.0
1155,47.3693625,8.5210888,237.0,1,0,0,0,3.0
1156,47.39604,8.53135,225.0,1,0,0,0,2.0
1157,47.3708327,8.5260334,194.0,1,0,0,0,3.0
1158,47.3567,8.59689,120.0,1,0,0,0,4.0
1159,47.4107,8.53974,98.0,1,0,0,0,2.0
1160,47.35559,8.55947,130.0,1,0,0,0,4.0
1161,47.395199,8.545024,87.0,1,0,0,0,3.0
1162,47.37719,8.52708,160.0,0,0,1,0,4.0
1163,47.376286,8.526173,380.0,1,0,0,0,2.0
1164,47.38909,8.53795,165.0,0,0,1,0,4.0
1165,47.36932,8.56326,167.0,1,0,0,0,3.0
1166,47.36274,8.52267,196.0,1,0,0,0,3.0
1167,47.36803,8.56337,169.0,1,0,0,0,3.0
1168,47.38162,8.59149,80.0,0,0,1,0,5.0
1169,47.36968,8.54658,95.0,1,0,0,0,4.0
1170,47.39469,8.54206,220.0,1,0,0,0,2.0
1171,47.39976,8.48344,500.0,1,0,0,0,1.0
1172,47.40434,8.50354,128.0,1,0,0,0,2.0
1173,47.38625,8.52883,82.0,0,0,1,0,4.0
1174,47.41192,8.54394,140.0,1,0,0,0,2.0
1175,47.36078,8.59107,80.0,0,0,1,0,5.0
1176,47.37429,8.517,121.0,1,0,0,0,3.0
1177,47.35986,8.58339,148.0,0,0,1,0,5.0
1178,47.37031,8.52014,165.0,1,0,0,0,3.0
1179,47.4072565,8.5514417,162.0,1,0,0,0,2.0
1180,47.37315,8.51369,115.0,1,0,0,0,3.0
1181,47.38079,8.52774,115.0,0,0,1,0,4.0
1182,47.39114,8.51604,236.0,1,0,0,0,2.0
1183,47.36826,8.56179,163.0,1,0,0,0,3.0
1184,47.37609,8.52653,150.0,1,0,0,0,3.0
1185,47.40881,8.55352,40.0,0,0,1,0,4.0
1186,47.34855,8.56391,240.0,1,0,0,0,4.0
1187,47.38704,8.51271,83.0,1,0,0,0,3.0
1188,47.36573,8.55891,100.0,1,0,0,0,4.0
1189,47.38457,8.55162,82.0,0,0,1,0,4.0
1190,47.360241,8.54922,183.0,1,0,0,0,4.0
1191,47.35843,8.55184,200.0,0,0,1,0,5.0
1192,47.35983,8.55219,463.0,1,0,0,0,2.0
1193,47.38684,8.49494,65.0,0,0,1,0,4.0
1194,47.39057,8.53876,189.0,1,0,0,0,2.0
1195,47.35994,8.53151,194.0,1,0,0,0,3.0
1196,47.39384,8.54653,126.0,1,0,0,0,3.0
1197,47.36716,8.55286,150.0,1,0,0,0,3.0
1198,47.376202,8.516135,132.0,1,0,0,0,3.0
1199,47.41208,8.52572,63.0,1,0,0,0,2.0
1200,47.37199,8.54351,290.0,1,0,0,0,2.0
1201,47.36168,8.5609,218.0,1,0,0,0,3.0
1202,47.355,8.55495,102.0,0,0,1,0,5.0
1203,47.36928,8.55332,144.0,1,0,0,0,3.0
1204,47.36299,8.5698,380.0,1,0,0,0,2.0
1205,47.3394203999999,8.51828819999999,243.0,1,0,0,0,4.0
1206,47.3791,8.54768,125.0,1,0,0,0,3.0
1207,47.37048,8.55188,550.0,0,0,1,0,2.0
1208,47.380001,8.507076,87.0,1,0,0,0,3.0
1209,47.42868,8.54759,129.0,1,0,0,0,2.0
1210,47.37904,8.52494,189.0,1,0,0,0,3.0
1211,47.36023,8.52214,1430.0,1,0,0,0,1.0
1212,47.35569,8.52945,150.0,0,0,1,0,5.0
1213,47.36995,8.49221,65.0,0,0,1,0,5.0
1214,47.3615147999999,8.5601555,242.0,1,0,0,0,3.0
1215,47.3853176999999,8.4938127,209.0,1,0,0,0,2.0
1216,47.37618,8.51508,90.0,1,0,0,0,3.0
1217,47.37932,8.54558,187.0,1,0,0,0,3.0
1218,47.37976,8.54689,187.0,1,0,0,0,3.0
1219,47.40777,8.5683,80.0,1,0,0,0,3.0
1220,47.37385,8.51489,60.0,0,0,1,0,5.0
1221,47.40809,8.52573,64.0,0,0,1,0,4.0
1222,47.38441,8.54412,360.0,1,0,0,0,2.0
1223,47.413979,8.520715,55.0,1,0,0,0,2.0
1224,47.3407233999999,8.5183228,265.0,1,0,0,0,4.0
1225,47.38358,8.50991,70.0,0,0,1,0,5.0
1226,47.3624,8.55063,144.0,1,0,0,0,4.0
1227,47.40423,8.55737,85.0,1,0,0,0,3.0
1228,47.37291,8.5204,188.0,1,0,0,0,3.0
1229,47.36025,8.58016,199.0,1,0,0,0,3.0
1230,47.373943,8.531517,130.0,1,0,0,0,3.0
1231,47.35821,8.49735,133.0,1,0,0,0,4.0
1232,47.35812,8.4981,122.0,1,0,0,0,4.0
1233,47.38631,8.48864,89.0,0,0,1,0,4.0
1234,47.3598,8.55956,173.0,1,0,0,0,4.0
1235,47.37127,8.51123,63.0,0,0,1,0,5.0
1236,47.363106,8.560724,71.0,0,0,1,0,5.0
1237,47.3698,8.51877,350.0,1,0,0,0,2.0
1238,47.39133,8.52221,55.0,0,0,1,0,4.0
1239,47.37473,8.54408,80.0,0,0,1,0,5.0
1240,47.381756,8.529105,86.0,0,0,1,0,5.0
1241,47.3757400512695,8.52796745300293,200.0,1,0,0,0,3.0
1242,47.36383,8.51735,350.0,1,0,0,0,2.0
1243,47.408421,8.581791,57.0,0,0,1,0,4.0
1244,47.387489,8.535782,115.0,1,0,0,0,3.0
1245,47.367218,8.5523,230.0,1,0,0,0,3.0
1246,47.3844,8.49327,234.0,0,0,1,0,4.0
1247,47.38279,8.49199,244.0,0,0,1,0,4.0
1248,47.40635,8.5566,92.0,0,0,1,0,4.0
1249,47.37472,8.51508,199.0,1,0,0,0,3.0
1250,47.38262,8.53343,111.0,1,0,0,0,3.0
1251,47.36906,8.52149,90.0,1,0,0,0,4.0
1252,47.37305,8.54434,200.0,0,0,1,0,4.0
1253,47.37249,8.5457,150.0,1,0,0,0,3.0
1254,47.36538,8.51705,99.0,1,0,0,0,4.0
1255,47.37856,8.52628,86.0,1,0,0,0,3.0
1256,47.41322,8.54556,149.0,1,0,0,0,2.0
1257,47.37224,8.5276,125.0,1,0,0,0,3.0
1258,47.37994,8.556,89.0,1,0,0,0,3.0
1259,47.3662404,8.55733259999999,238.0,1,0,0,0,3.0
1260,47.3661789,8.5572384,184.0,1,0,0,0,3.0
1261,47.36107,8.55968,206.0,1,0,0,0,3.0
1262,47.37515,8.523,100.0,0,0,1,0,5.0
1263,47.414883,8.537175,114.0,1,0,0,0,2.0
1264,47.42396,8.49621,218.0,1,0,0,0,1.0
1265,47.40977,8.52311,160.0,1,0,0,0,2.0
1266,47.37961,8.52607,160.0,1,0,0,0,3.0
1267,47.37716,8.52954,95.0,0,0,1,0,5.0
1268,47.37756,8.49794,90.0,0,0,1,0,5.0
1269,47.3809,8.54489,175.0,1,0,0,0,3.0
1270,47.3661789,8.5572384,187.0,1,0,0,0,3.0
1271,47.3416241896908,8.51781093702542,213.0,1,0,0,0,4.0
1272,47.3606487,8.52058729999999,335.0,1,0,0,0,3.0
1273,47.3606487,8.52058729999999,271.0,1,0,0,0,3.0
1274,47.401836,8.584952,59.0,1,0,0,0,3.0
1275,47.38084,8.49538,130.0,1,0,0,0,3.0
1276,47.36773,8.55705,99.0,1,0,0,0,4.0
1277,47.36821,8.55173,199.0,1,0,0,0,3.0
1278,47.37425,8.54317,100.0,0,0,1,0,5.0
1279,47.390324,8.549159,84.0,0,0,1,0,4.0
1280,47.40455,8.55037,61.0,0,0,1,0,4.0
1281,47.38974,8.53739,127.0,1,0,0,0,3.0
1282,47.329323,8.511402,61.0,0,0,1,0,5.0
1283,47.38267,8.50643,199.0,1,0,0,0,3.0
1284,47.34734,8.52721,70.0,0,0,0,1,5.0
1285,47.34719,8.52844,160.0,0,0,0,1,5.0
1286,47.34876,8.52698,200.0,0,0,0,1,4.0
1287,47.34865,8.52755,36.0,0,0,0,1,5.0
1288,47.34806,8.52756,216.0,0,0,0,1,4.0
1289,47.40591,8.55866,91.0,0,0,1,0,4.0
1290,47.37727,8.51707,135.0,1,0,0,0,3.0
1291,47.35961,8.5599,231.0,1,0,0,0,3.0
1292,47.3407233999999,8.5183228,285.0,1,0,0,0,4.0
1293,47.34516,8.53065,89.0,0,0,1,0,5.0
1294,47.3944859,8.5289132,257.0,1,0,0,0,2.0
1295,47.3944859,8.5289132,249.0,1,0,0,0,2.0
1296,47.38714,8.49106,79.0,0,0,1,0,4.0
1297,47.37162,8.54102,529.0,1,0,0,0,1.0
1298,47.39226,8.48648,50.0,0,0,1,0,4.0
1299,47.355099,8.50785,480.0,1,0,0,0,2.0
1300,47.37077,8.52444,236.0,1,0,0,0,3.0
1301,47.36652,8.5572,290.0,1,0,0,0,3.0
1302,47.3729,8.52072,169.0,1,0,0,0,3.0
1303,47.37642,8.52234,120.0,1,0,0,0,3.0
1304,47.37013,8.55558,150.0,1,0,0,0,3.0
1305,47.34564,8.53302,85.0,1,0,0,0,5.0
1306,47.3932,8.50784,70.0,0,0,1,0,4.0
1307,47.38264,8.53187,175.0,1,0,0,0,3.0
1308,47.3790704,8.5271905,400.0,1,0,0,0,2.0
1309,47.38914,8.52216,152.0,1,0,0,0,3.0
1310,47.3615020608506,8.51693026721477,220.0,1,0,0,0,3.0
1311,47.3647,8.53317,200.0,1,0,0,0,3.0
1312,47.37562,8.52077,104.0,1,0,0,0,3.0
1313,47.35653,8.59906,78.0,0,0,0,1,5.0
1314,47.36101,8.56345,269.0,1,0,0,0,3.0
1315,47.36576,8.55538,250.0,1,0,0,0,3.0
1316,47.3944859,8.5289132,285.0,1,0,0,0,2.0
1317,47.35763,8.55173,230.0,1,0,0,0,3.0
1318,47.38078,8.56851,85.0,1,0,0,0,3.0
1319,47.33519,8.51816,91.0,1,0,0,0,5.0
1320,47.3726,8.49356,100.0,0,0,1,0,5.0
1321,47.38962,8.53823,150.0,1,0,0,0,3.0
1322,47.37434,8.51516,77.0,1,0,0,0,4.0
1323,47.3543331984768,8.55762507766485,350.0,1,0,0,0,3.0
1324,47.35914,8.52796,73.0,1,0,0,0,4.0
1325,47.3654,8.5551,740.0,1,0,0,0,1.0
1326,47.33533,8.53407,115.0,1,0,0,0,5.0
1327,47.3772,8.52148,136.0,1,0,0,0,3.0
1328,47.3944859,8.5289132,263.0,1,0,0,0,2.0
1329,47.3944122,8.5290971,221.0,1,0,0,0,2.0
1330,47.3944122,8.5290971,232.0,1,0,0,0,2.0
1331,47.38411,8.53314,120.0,0,0,1,0,4.0
1332,47.38936,8.54557,68.0,0,0,1,0,4.0
1333,47.3857359,8.542671,110.0,1,0,0,0,3.0
1334,47.3637682,8.5509684,79.0,1,0,0,0,4.0
1335,47.37699,8.52371,160.0,1,0,0,0,3.0
1336,47.39056247563,8.55245081481934,135.0,1,0,0,0,3.0
1337,47.3638634999999,8.5594079,298.0,1,0,0,0,3.0
1338,47.3840998,8.55648579999999,326.0,1,0,0,0,2.0
1339,47.38461,8.52883,90.0,0,0,1,0,4.0
1340,47.37494,8.54477,401.0,1,0,0,0,2.0
1341,47.39346,8.52074,85.0,1,0,0,0,3.0
1342,47.3620720846663,8.55126052380371,130.0,1,0,0,0,4.0
1343,47.33861,8.53843,200.0,0,0,1,0,5.0
1344,47.3661018991072,8.51572394371032,140.0,1,0,0,0,4.0
1345,47.36856,8.52476,95.0,0,0,1,0,5.0
1346,47.38464,8.52654,86.0,1,0,0,0,3.0
1347,47.35643,8.52766,150.0,1,0,0,0,4.0
1348,47.38761,8.51348,156.0,1,0,0,0,3.0
1349,47.39325,8.52658,50.0,0,0,1,0,4.0
1350,47.37351,8.51841,100.0,1,0,0,0,4.0
1351,47.37676,8.54495,206.0,1,0,0,0,3.0
1352,47.37931,8.53797,200.0,1,0,0,0,3.0
1353,47.36602,8.52269,70.0,0,0,1,0,5.0
1354,47.3615815,8.5782122,119.0,0,0,1,0,5.0
1355,47.37273,8.54296,160.0,1,0,0,0,3.0
1356,47.4064803,8.4894878,59.0,0,0,1,0,4.0
1357,47.36293,8.55023,149.0,1,0,0,0,4.0
1358,47.3677686845743,8.51513687521219,200.0,1,0,0,0,3.0
1359,47.3813623,8.5334636,597.0,1,0,0,0,1.0
1360,47.37684,8.5154,80.0,0,0,1,0,5.0
1361,47.38773,8.4852,85.0,1,0,0,0,3.0
1362,47.41761,8.50905,95.0,0,0,1,0,3.0
1363,47.3952,8.52075,120.0,1,0,0,0,3.0
1364,47.4010645,8.5412068,266.0,1,0,0,0,2.0
1365,47.39964,8.5259,150.0,1,0,0,0,2.0
1366,47.39297,8.52786,136.0,1,0,0,0,3.0
1367,47.36458,8.54896,486.0,1,0,0,0,2.0
1368,47.37588,8.52227,150.0,1,0,0,0,3.0
1369,47.41509,8.54721,79.0,0,0,1,0,3.0
1370,47.36375,8.55029,89.0,1,0,0,0,4.0
1371,47.40148,8.53587,56.0,0,0,1,0,4.0
1372,47.3557078129203,8.55774275958538,175.0,1,0,0,0,4.0
1373,47.37433,8.54409,235.0,1,0,0,0,3.0
1374,47.37199,8.54481,200.0,1,0,0,0,3.0
1375,47.36354,8.5195,120.0,1,0,0,0,4.0
1376,47.36278,8.50329,250.0,1,0,0,0,3.0
1377,47.3416776306674,8.52983605116605,111.0,1,0,0,0,5.0
1378,47.39075,8.46822,120.0,1,0,0,0,3.0
1379,47.3733016,8.51992379999999,60.0,0,0,1,0,5.0
1380,47.38065,8.5256,188.0,1,0,0,0,3.0
1381,47.36548,8.51901,88.0,0,0,0,1,4.0
1382,47.39585,8.52252,70.0,1,0,0,0,3.0
1383,47.422503,8.4945104,250.0,1,0,0,0,1.0
1384,47.4135683609698,8.53999558836221,195.0,1,0,0,0,2.0
1385,47.36358,8.55239,480.0,1,0,0,0,2.0
1386,47.36694,8.56875,1199.0,1,0,0,0,1.0
1387,47.37564,8.54398,100.0,0,0,1,0,5.0
1388,47.3494174,8.533182,156.0,1,0,0,0,4.0
1389,47.3838114,8.5732995,210.0,1,0,0,0,3.0
1390,47.35068,8.52694,111.0,1,0,0,0,4.0
1391,47.37682,8.52944,60.0,0,0,1,0,5.0
1392,47.36731,8.53452,104.0,1,0,0,0,4.0
1393,47.37111,8.49223,81.0,0,0,1,0,5.0
1394,47.3952165625086,8.5450455416641,97.0,1,0,0,0,3.0
1395,47.36009,8.55188,205.0,1,0,0,0,3.0
1396,47.37412,8.52122,500.0,1,0,0,0,1.0
1397,47.36229,8.55337,105.0,0,0,1,0,5.0
1398,47.37575,8.51444,120.0,0,0,1,0,4.0
1399,47.36594,8.56288,119.0,1,0,0,0,4.0
1400,47.37607,8.51423,120.0,0,0,1,0,4.0
1401,47.37783,8.52933,250.0,1,0,0,0,3.0
1402,47.35832,8.57163,243.0,1,0,0,0,3.0
1403,47.35987,8.57021,150.0,1,0,0,0,4.0
1404,47.34749,8.52955,100.0,1,0,0,0,4.0
1405,47.4155408,8.53180579999999,80.0,1,0,0,0,2.0
1406,47.36785,8.50174,80.0,0,0,1,0,5.0
1407,47.4059941999999,8.4875936,130.0,1,0,0,0,2.0
1408,47.36901,8.51819,110.0,1,0,0,0,4.0
1409,47.347157,8.5324175,90.0,0,0,1,0,5.0
1410,47.37521,8.54277,200.0,1,0,0,0,3.0
1411,47.41287,8.53075,271.0,1,0,0,0,1.0
1412,47.3597903,8.5501924,275.0,1,0,0,0,3.0
1413,47.36119,8.52979,220.0,1,0,0,0,3.0
1414,47.4188639,8.50806459999999,90.0,1,0,0,0,2.0
1415,47.36663,8.55271,206.0,1,0,0,0,3.0
1416,47.36212,8.56072,477.0,1,0,0,0,2.0
1417,47.34404,8.52924,159.0,1,0,0,0,4.0
1418,47.4188639,8.50806459999999,90.0,1,0,0,0,2.0
1419,47.35419,8.55603,105.0,1,0,0,0,4.0
1420,47.4188639,8.50806459999999,99.0,1,0,0,0,2.0
1421,47.33411,8.53336,115.0,1,0,0,0,5.0
1422,47.35972,8.5558,232.0,1,0,0,0,3.0
1423,47.3544,8.58225,390.0,1,0,0,0,3.0
1424,47.35377,8.52885,200.0,1,0,0,0,4.0
1425,47.36602,8.55368,175.0,1,0,0,0,3.0
1426,47.39219,8.52607,214.0,1,0,0,0,2.0
1427,47.3694273,8.516073,159.0,1,0,0,0,3.0
1428,47.3698089,8.5261586,192.0,1,0,0,0,3.0
1429,47.38603,8.48886,99.0,1,0,0,0,3.0
1430,47.38829,8.49558,150.0,0,0,1,0,4.0
1431,47.39311,8.54676,170.0,1,0,0,0,2.0
1432,47.36013,8.5533,160.0,1,0,0,0,4.0
1433,47.36686,8.51956,119.0,1,0,0,0,4.0
1434,47.38154,8.5082,170.0,1,0,0,0,3.0
1435,47.37333,8.53023,170.0,1,0,0,0,3.0
1436,47.36985,8.51797,175.0,1,0,0,0,3.0
1437,47.37718,8.52165,72.0,0,0,1,0,5.0
1438,47.3537326,8.5547124,969.0,1,0,0,0,1.0
1439,47.38794,8.4886,70.0,0,0,1,0,4.0
1440,47.39191,8.54416,164.0,1,0,0,0,3.0
1441,47.33559,8.54257,799.0,1,0,0,0,1.0
1442,47.38682,8.52411,105.0,0,0,1,0,4.0
1443,47.41731,8.54351,307.0,1,0,0,0,1.0
1444,47.37744,8.52024,150.0,1,0,0,0,3.0
1445,47.36839,8.56248,190.0,1,0,0,0,3.0
1446,47.38506,8.53322,150.0,1,0,0,0,3.0
1447,47.34565,8.53059,129.0,0,0,1,0,5.0
1448,47.34013,8.5186,130.0,1,0,0,0,4.0
1449,47.35286,8.58186,200.0,1,0,0,0,4.0
1450,47.34459,8.53255,129.0,1,0,0,0,4.0
1451,47.36516,8.55375,60.0,0,0,1,0,5.0
1452,47.34918,8.52843,152.0,0,0,1,0,5.0
1453,47.3665,8.56476,120.0,0,0,1,0,5.0
1454,47.35981,8.56175,160.0,1,0,0,0,4.0
1455,47.3435,8.53247,146.0,1,0,0,0,4.0
1456,47.3610905604097,8.52877541534424,307.0,1,0,0,0,3.0
1457,47.3872314940135,8.51294877301636,320.0,1,0,0,0,2.0
1458,47.3846736851541,8.52960366491685,135.0,1,0,0,0,3.0
1459,47.40343,8.55689,210.0,1,0,0,0,2.0
1460,47.41971,8.51407,64.0,0,0,1,0,3.0
1461,47.38201,8.49147,85.0,1,0,0,0,3.0
1462,47.3791089,8.53229769999999,250.0,1,0,0,0,2.0
1463,47.37162,8.54145,226.0,1,0,0,0,3.0
1464,47.38044,8.5311,110.0,0,0,1,0,4.0
1465,47.37887,8.51413,160.0,1,0,0,0,3.0
1466,47.36176,8.51883,150.0,1,0,0,0,4.0
1467,47.3797891765654,8.53167285396727,95.0,0,0,1,0,5.0
1468,47.36254,8.55545,115.0,1,0,0,0,4.0
1469,47.38322,8.54314,200.0,1,0,0,0,3.0
1470,47.3904405,8.518288,184.0,1,0,0,0,2.0
1471,47.37771,8.51685,85.0,0,0,1,0,5.0
1472,47.38528,8.5324,150.0,0,0,1,0,4.0
1473,47.40236,8.55409,85.0,0,0,1,0,4.0
1474,47.35966,8.52362,170.0,1,0,0,0,4.0
1475,47.38772,8.54775,90.0,1,0,0,0,3.0
1476,47.4142733447841,8.55714008888551,75.0,0,0,1,0,3.0
1477,47.420008,8.5044454,68.0,1,0,0,0,2.0
1478,47.36979,8.52462,171.0,1,0,0,0,3.0
1479,47.3821467,8.47921,800.0,1,0,0,0,1.0
1480,47.37655,8.55649,200.0,1,0,0,0,3.0
1481,47.34487,8.53292,140.0,1,0,0,0,4.0
1482,47.34007,8.53181,90.0,0,0,1,0,5.0
1483,47.42347,8.50076,129.0,1,0,0,0,2.0
1484,47.40284,8.55595,199.0,1,0,0,0,2.0
1485,47.37384,8.52271,309.0,1,0,0,0,2.0
1486,47.35366,8.59731,60.0,1,0,0,0,4.0
1487,47.40212,8.49475,318.0,1,0,0,0,1.0
1488,47.40401,8.54777,42.0,1,0,0,0,3.0
1489,47.38086,8.54678,176.0,1,0,0,0,3.0
1490,47.37589,8.52727,180.0,1,0,0,0,3.0
1491,47.394052925824,8.50964810422975,39.0,0,0,1,0,4.0
1492,47.37939,8.52756,195.0,1,0,0,0,3.0
1493,47.33664,8.5305,61.0,0,0,1,0,5.0
1494,47.3773,8.54066,888.0,1,0,0,0,1.0
1495,47.37311,8.54465,776.0,1,0,0,0,1.0
1496,47.3726,8.50206,146.0,1,0,0,0,3.0
1497,47.38289,8.49196,335.0,1,0,0,0,2.0
1498,47.37848,8.52602,154.0,1,0,0,0,3.0
1499,47.32526,8.51657,128.0,1,0,0,0,5.0
1500,47.37552,8.51494,79.0,1,0,0,0,4.0
1501,47.3611487,8.5287325,144.0,0,0,1,0,5.0
1502,47.3611487,8.5287325,101.0,0,0,1,0,5.0
1503,47.3787,8.53104,170.0,0,0,1,0,4.0
1504,47.36447,8.54665,114.0,1,0,0,0,4.0
1505,47.3778,8.52789,888.0,0,0,1,0,1.0
1506,47.37754,8.52819,888.0,1,0,0,0,1.0
1507,47.368,8.49891,70.0,0,0,1,0,5.0
1508,47.36549,8.52034,125.0,1,0,0,0,4.0
1509,47.36898,8.49882,88.0,1,0,0,0,4.0
1510,47.38854,8.52251,448.0,1,0,0,0,1.0
1511,47.33996,8.51849,163.0,1,0,0,0,4.0
1512,47.38747,8.4897,119.0,0,0,1,0,4.0
1513,47.41369,8.54202,423.0,1,0,0,0,1.0
1514,47.37452,8.49417,373.0,1,0,0,0,2.0
1515,47.38455,8.52884,250.0,1,0,0,0,2.0
1516,47.37663,8.54558,100.0,1,0,0,0,3.0
1517,47.42186,8.4956,60.0,0,0,1,0,3.0
1518,47.37534,8.54349,116.0,1,0,0,0,3.0
1519,47.37525,8.54352,90.0,1,0,0,0,4.0
1520,47.37633,8.5442,100.0,1,0,0,0,3.0
1521,47.37364,8.54456,100.0,1,0,0,0,4.0
1522,47.373729,8.521896,235.0,1,0,0,0,3.0
1523,47.38609,8.54835,166.0,1,0,0,0,3.0
1524,47.36428,8.55318,96.0,1,0,0,0,4.0
1525,47.40053,8.54607,64.0,1,0,0,0,3.0
1526,47.39797,8.51294,136.0,1,0,0,0,2.0
1527,47.3623,8.56095,60.0,0,0,1,0,5.0
1528,47.37484,8.54505,94.0,1,0,0,0,4.0
1529,47.37605,8.54389,111.0,1,0,0,0,3.0
1530,47.37654,8.54381,111.0,1,0,0,0,3.0
1531,47.3723789,8.51981949999999,199.0,1,0,0,0,3.0
1532,47.33822,8.53037,95.0,1,0,0,0,5.0
1533,47.3596228,8.53257949999999,341.0,1,0,0,0,3.0
1534,47.36724,8.52175,75.0,0,0,1,0,5.0
1535,47.37586,8.51628,79.0,1,0,0,0,4.0
1536,47.31952,8.51405,85.0,1,0,0,0,5.0
1537,47.30498,8.52836,150.0,1,0,0,0,5.0
1538,47.39933,8.60974,130.0,1,0,0,0,3.0
1539,47.3176713,8.5263761,110.0,1,0,0,0,5.0
1540,47.34349,8.59855,42.0,0,0,1,0,5.0
1541,47.35981,8.62661,34.0,0,0,1,0,5.0
1542,47.36535,8.62571,120.0,1,0,0,0,4.0
1543,47.32259,8.5315,65.0,0,0,1,0,5.0
1544,47.38634,8.62059,45.0,0,0,1,0,5.0
1545,47.35145,8.64224,86.0,1,0,0,0,4.0
1546,47.40475,8.60858,110.0,0,0,1,0,4.0
1547,47.4156,8.59935,103.0,1,0,0,0,2.0
1548,47.3538,8.4861,250.0,1,0,0,0,3.0
1549,47.33986,8.48766,210.0,1,0,0,0,4.0
1550,47.39775,8.46361,206.0,0,0,1,0,3.0
1551,47.35071,8.58535,390.0,1,0,0,0,3.0
1552,47.43197,8.56292,59.0,0,0,1,0,3.0
1553,47.31451,8.53454,60.0,0,0,1,0,5.0
1554,47.36489,8.46071,215.0,1,0,0,0,3.0
1555,47.32909,8.54721,82.0,0,0,1,0,5.0
1556,47.31845,8.54774,60.0,1,0,0,0,5.0
1557,47.39743,8.61465,304.0,1,0,0,0,2.0
1558,47.40965,8.45837,65.0,0,0,1,0,4.0
1559,47.39652,8.46353,256.0,0,0,1,0,3.0
1560,47.39826,8.46496,209.0,0,0,1,0,3.0
1561,47.39716,8.464499,153.0,0,0,1,0,4.0
1562,47.39716,8.464499,170.0,0,0,1,0,3.0
1563,47.31966,8.54835,60.0,1,0,0,0,5.0
1564,47.31897,8.54896,60.0,1,0,0,0,5.0
1565,47.36576,8.62073,130.0,1,0,0,0,4.0
1566,47.33458,8.57206,222.0,1,0,0,0,4.0
1567,47.33475,8.61055,800.0,1,0,0,0,1.0
1568,47.40034,8.45277,37.0,0,0,1,0,4.0
1569,47.32235,8.52266,69.0,1,0,0,0,5.0
1570,47.45156,8.5272,48.0,0,0,1,0,2.0
1571,47.3978,8.60776,60.0,0,0,1,0,4.0
1572,47.3443,8.59348,140.0,1,0,0,0,4.0
1573,47.3176713,8.5263761,80.0,0,0,1,0,5.0
1574,47.32894,8.54742,50.0,0,0,1,0,5.0
1575,47.35913,8.44804,80.0,0,0,1,0,5.0
1576,47.34275,8.59805,42.0,0,0,1,0,5.0
1577,47.33466,8.62057,139.0,0,0,1,0,5.0
1578,47.3495,8.59904,70.0,0,0,1,0,5.0
1579,47.33166,8.58151,62.0,0,0,1,0,5.0
1580,47.30408,8.51976,320.0,1,0,0,0,5.0
1581,47.38712,8.62216,70.0,0,0,1,0,4.0
1582,47.35041,8.5963,66.0,0,0,1,0,5.0
1583,47.35132,8.64197,57.0,0,0,1,0,5.0
1584,47.37502,8.44802,87.0,0,0,1,0,5.0
1585,47.30557,8.52842,155.0,1,0,0,0,5.0
1586,47.30427,8.52297,1000.0,1,0,0,0,1.0
1587,47.3262,8.54537,75.0,0,0,1,0,5.0
1588,47.43786,8.4698,59.0,0,0,1,0,3.0
1589,47.33397,8.62159,110.0,1,0,0,0,5.0
1590,47.32118,8.5178,101.0,1,0,0,0,5.0
1591,47.40085,8.6157,67.0,0,0,1,0,4.0
1592,47.4490928,8.53557279999999,268.0,1,0,0,0,1.0
1593,47.44713,8.53048,215.0,1,0,0,0,1.0
1594,47.43779,8.4743,85.0,0,0,1,0,3.0
1595,47.3222,8.51835,71.0,0,0,1,0,5.0
1596,47.319813,8.54149,264.0,1,0,0,0,4.0
1597,47.40575,8.4598,100.0,1,0,0,0,2.0
1598,47.39762,8.60964,181.0,1,0,0,0,2.0
1599,47.4490928,8.53557279999999,158.0,0,0,1,0,2.0
1600,47.43832,8.47372,80.0,0,0,1,0,3.0
1601,47.43832,8.47372,70.0,0,0,1,0,3.0
1602,47.32683,8.54677,75.0,0,0,1,0,5.0
1603,47.39835,8.45664,75.0,1,0,0,0,3.0
1604,47.34659,8.57796,126.0,1,0,0,0,4.0
1605,47.35295,8.64305,66.0,0,0,1,0,5.0
1606,47.43814,8.47356,221.0,0,0,1,0,2.0
1607,47.41152,8.6099,85.0,1,0,0,0,2.0
1608,47.43735,8.47475,242.0,0,0,1,0,2.0
1609,47.32103,8.52166,79.0,1,0,0,0,5.0
1610,47.3997,8.60889,88.0,1,0,0,0,3.0
1611,47.3480813,8.60318629999999,250.0,1,0,0,0,4.0
1612,47.40054,8.44877,70.0,1,0,0,0,3.0
1613,47.3964,8.44215,77.0,1,0,0,0,3.0
1614,47.32328,8.52946,200.0,1,0,0,0,5.0
1615,47.32945,8.54709,63.0,0,0,1,0,5.0
1616,47.33694,8.5736,110.0,1,0,0,0,5.0
1617,47.4051,8.60442,174.0,1,0,0,0,2.0
1618,47.32904,8.54604,63.0,0,0,1,0,5.0
1619,47.43689,8.56699,104.0,1,0,0,0,1.0
1620,47.41197,8.45583,60.0,0,0,1,0,4.0
1621,47.41616,8.58385,118.0,1,0,0,0,2.0
1622,47.38407,8.59257,200.0,1,0,0,0,3.0
1623,47.31257,8.52897,49.0,0,0,1,0,5.0
1624,47.311516,8.525748,75.0,0,0,1,0,5.0
1625,47.41136,8.45584,48.0,1,0,0,0,3.0
1626,47.41446,8.59017,220.0,1,0,0,0,1.0
1627,47.4327,8.56421,152.0,1,0,0,0,1.0
1628,47.38046,8.59533,59.0,0,0,1,0,5.0
1629,47.3950815094498,8.46870917826891,50.0,0,0,1,0,4.0
1630,47.44674,8.53762,200.0,1,0,0,0,1.0
1631,47.4368855,8.56403259999999,50.0,0,0,1,0,3.0
1632,47.43189,8.56301,59.0,0,0,1,0,3.0
1633,47.39477,8.59878,39.0,0,0,1,0,4.0
1634,47.410851,8.595868,83.0,0,0,1,0,4.0
1635,47.41579,8.58613,36.0,0,0,1,0,4.0
1636,47.41027,8.60285,496.0,1,0,0,0,1.0
1637,47.43065,8.56193,58.0,0,0,1,0,3.0
1638,47.43189,8.56301,50.0,0,0,1,0,3.0
1639,47.41981,8.55709,124.0,0,0,1,0,3.0
1640,47.41506,8.58919,161.0,0,0,1,0,3.0
1641,47.42207,8.56147,95.0,0,0,1,0,3.0
1642,47.42232,8.55872,861.0,1,0,0,0,1.0
1643,47.42806,8.56235,1000.0,1,0,0,0,1.0
1644,47.41494,8.58923,130.0,0,0,1,0,3.0
1645,47.4174,8.58774,1000.0,1,0,0,0,1.0
1646,47.40722,8.47386,155.0,1,0,0,0,2.0
1647,47.4162,8.58635,36.0,0,0,1,0,4.0
1648,47.40711,8.47412,253.0,1,0,0,0,1.0
1649,47.43742,8.56583,690.0,0,0,1,0,1.0
1650,47.4214887,8.561298,250.0,1,0,0,0,1.0
1651,47.34737,8.57401,140.0,1,0,0,0,4.0
1652,47.316475,8.550591,95.0,1,0,0,0,5.0
1653,47.32036,8.55208,110.0,1,0,0,0,5.0
1654,47.32923,8.54556,65.0,0,0,1,0,5.0
1655,47.33047,8.54596,65.0,0,0,1,0,5.0
1656,47.31081,8.52676,95.0,1,0,0,0,5.0
1657,47.32246,8.51949,100.0,1,0,0,0,5.0
1658,47.31996,8.55151,180.0,1,0,0,0,5.0
1659,47.31069,8.52463,120.0,1,0,0,0,5.0
1660,47.34186,8.57442,120.0,0,0,1,0,5.0
1661,47.37278,8.44979,94.0,0,0,1,0,5.0
1662,47.36179,8.62226,70.0,0,0,1,0,5.0
1663,47.39927,8.60807,98.0,1,0,0,0,3.0
1664,47.33859,8.60805,65.0,0,0,1,0,5.0
1665,47.34264,8.48599,90.0,0,0,1,0,5.0
1666,47.31728,8.53271,85.0,1,0,0,0,5.0
1667,47.34937,8.60246,52.0,0,0,1,0,5.0
1668,47.34386,8.60107,72.0,0,0,1,0,5.0
1669,47.31479,8.52135,50.0,0,0,1,0,5.0
1670,47.41312,8.59195,130.0,1,0,0,0,2.0
1671,47.41438,8.59005,180.0,1,0,0,0,2.0
1672,47.4054,8.46018,42.0,0,0,1,0,4.0
1673,47.31897,8.5258,160.0,1,0,0,0,5.0
1674,47.39707,8.45088,66.0,0,0,1,0,4.0
1675,47.36641,8.6295,90.0,0,0,1,0,5.0
1676,47.38448,8.59644,280.0,1,0,0,0,2.0
1677,47.43189,8.56301,60.0,0,0,1,0,3.0
1678,47.41096,8.59449,125.0,1,0,0,0,2.0
1679,47.3666,8.62263,131.0,1,0,0,0,4.0
1680,47.43794,8.57401,85.0,0,0,1,0,3.0
1681,47.39692,8.46373,386.0,0,0,1,0,2.0
1682,47.4489298,8.5314633,70.0,0,0,1,0,2.0
1683,47.3146,8.53282,70.0,0,0,1,0,5.0
1684,47.34491,8.57581,98.0,1,0,0,0,5.0
1685,47.39644,8.44637,150.0,1,0,0,0,2.0
1686,47.34619,8.57508,76.0,0,0,0,1,5.0
1687,47.34623,8.47836,450.0,1,0,0,0,2.0
1688,47.35479,8.6447,67.0,0,0,1,0,5.0
1689,47.41169,8.59106,100.0,1,0,0,0,2.0
1690,47.39716,8.464499,231.0,0,0,1,0,3.0
1691,47.4051440134942,8.60492516309022,300.0,1,0,0,0,1.0
1692,47.3971,8.44974,70.0,0,0,1,0,4.0
1693,47.41167,8.45764,68.0,0,0,1,0,4.0
1694,47.3415143,8.5813107,190.0,1,0,0,0,4.0
1695,47.42927,8.56454,40.0,0,0,1,0,3.0
1696,47.31217,8.52351,120.0,0,0,1,0,5.0
1697,47.4165,8.58605,121.0,1,0,0,0,2.0
1698,47.41448,8.59019,170.0,1,0,0,0,2.0
1699,47.4164,8.58555,111.0,1,0,0,0,2.0
1700,47.32281,8.53212,55.0,0,0,1,0,5.0
1701,47.4296,8.56198,69.0,1,0,0,0,2.0
1702,47.39716,8.464499,137.0,0,0,1,0,4.0
1703,47.40625,8.60748,110.0,0,0,1,0,4.0
1704,47.39846,8.61138,60.0,0,0,1,0,4.0
1705,47.41311,8.59195,150.0,1,0,0,0,2.0
1706,47.43393,8.56612,30.0,0,0,1,0,3.0
1707,47.41755,8.59942,1000.0,1,0,0,0,1.0
1708,47.428,8.47241,40.0,0,0,1,0,3.0
1709,47.41115,8.59202,200.0,1,0,0,0,2.0
1710,47.40957,8.5825,48.0,0,0,1,0,4.0
1711,47.38554,8.59375,250.0,1,0,0,0,2.0
1712,47.381954,8.594264,120.0,1,0,0,0,3.0
1713,47.30548,8.53021,240.0,1,0,0,0,5.0
1714,47.41434,8.60248,105.0,0,0,1,0,3.0
1715,47.41562,8.5875,72.0,0,0,1,0,3.0
1716,47.39531,8.59912,69.0,0,0,1,0,4.0
1717,47.34565,8.56427,595.0,1,0,0,0,2.0
1718,47.398548,8.600517,70.0,1,0,0,0,3.0
1719,47.43141,8.56625,85.0,1,0,0,0,2.0
1720,47.43687,8.56623,149.0,1,0,0,0,1.0
1721,47.42312,8.60212,109.0,1,0,0,0,2.0
1722,47.40033,8.44861,140.0,1,0,0,0,2.0
1723,47.42383,8.56255,49.0,0,0,1,0,3.0
1724,47.3950855857158,8.4687165543437,45.0,0,0,1,0,4.0
1725,47.41341,8.59207,220.0,1,0,0,0,2.0
1726,47.43293,8.56254,61.0,0,0,1,0,3.0
1727,47.43548,8.56121,58.0,0,0,1,0,3.0
1728,47.33799,8.6124,50.0,1,0,0,0,5.0
1729,47.41312,8.59193,130.0,1,0,0,0,2.0
1730,47.41646,8.58821,1000.0,1,0,0,0,1.0
1731,47.43189,8.56301,64.0,0,0,1,0,3.0
1732,47.4271989999999,8.5605364,185.0,1,0,0,0,1.0
1733,47.40147,8.60875,115.0,1,0,0,0,3.0
1734,47.3997,8.60811,176.0,1,0,0,0,2.0
1735,47.43815,8.47377,85.0,0,0,1,0,3.0
1736,47.39608,8.61687,1000.0,1,0,0,0,1.0
1737,47.43521,8.5697,273.0,1,0,0,0,1.0
1738,47.39925,8.61077,1000.0,1,0,0,0,1.0
1739,47.395,8.61574,45.0,0,0,1,0,4.0
1740,47.33012,8.5743,85.0,1,0,0,0,5.0
1741,47.41715,8.58467,936.0,1,0,0,0,1.0
1742,47.4487192,8.5366634,107.0,0,0,1,0,2.0
1743,47.32988,8.54206,110.0,1,0,0,0,5.0
1744,47.32867,8.54689,63.0,0,0,1,0,5.0
1745,47.4142128,8.5917538,149.0,1,0,0,0,2.0
1746,47.42792,8.56185,1000.0,1,0,0,0,1.0
1747,47.40537,8.60365,50.0,0,0,1,0,4.0
1748,47.3804,8.59537,73.0,0,0,1,0,5.0
1749,47.3432,8.56832,380.0,1,0,0,0,3.0
1750,47.43867,8.56768,1000.0,1,0,0,0,1.0
1751,47.40522,8.47313,135.0,1,0,0,0,2.0
1752,47.41894,8.5787,90.0,0,0,1,0,3.0
1753,47.41887,8.59915,54.0,0,0,1,0,3.0
1754,47.41745,8.58345,36.0,0,0,1,0,4.0
1755,47.40701,8.47413,130.0,1,0,0,0,2.0
1756,47.40257,8.60133,185.0,1,0,0,0,2.0
1757,47.41422,8.5873,275.0,1,0,0,0,1.0
1758,47.38636,8.59397,250.0,1,0,0,0,2.0
1759,47.40877,8.59945,1000.0,1,0,0,0,1.0
1760,47.39918,8.60747,50.0,0,0,1,0,4.0
1761,47.40503,8.60351,48.0,0,0,1,0,4.0
1762,47.42333,8.56177,180.0,1,0,0,0,1.0
1763,47.3954,8.44403,23.0,0,0,1,0,4.0
1764,47.40518,8.60196,80.0,0,0,1,0,4.0
1765,47.40449,8.60407,156.0,1,0,0,0,2.0
